"date","ticker","close"
2020-01-02,"SAP",125.219993591309
2020-01-03,"SAP",122.629753112793
2020-01-06,"SAP",122.831092834473
2020-01-07,"SAP",122.300231933594
2020-01-08,"SAP",123.636543273926
2020-01-09,"SAP",125.512886047363
2020-01-10,"SAP",125.375587463379
2020-01-13,"SAP",126.611228942871
2020-01-14,"SAP",125.62272644043
2020-01-15,"SAP",124.844718933105
2020-01-16,"SAP",125.659324645996
2020-01-17,"SAP",128.103149414062
2020-01-21,"SAP",127.718719482422
2020-01-22,"SAP",127.755340576172
2020-01-23,"SAP",126.43733215332
2020-01-24,"SAP",127.27938079834
2020-01-27,"SAP",124.707443237305
2020-01-28,"SAP",121.238510131836
2020-01-29,"SAP",120.497116088867
2020-01-30,"SAP",119.874740600586
2020-01-31,"SAP",119.691680908203
2020-02-03,"SAP",121.403259277344
2020-02-04,"SAP",124.002670288086
2020-02-05,"SAP",125.7783203125
2020-02-06,"SAP",124.927108764648
2020-02-07,"SAP",123.61824798584
2020-02-10,"SAP",123.77384185791
2020-02-11,"SAP",124.982032775879
2020-02-12,"SAP",126.455627441406
2020-02-13,"SAP",125.805786132812
2020-02-14,"SAP",125.796646118164
2020-02-18,"SAP",126.089515686035
2020-02-19,"SAP",127.865165710449
2020-02-20,"SAP",126.702751159668
2020-02-21,"SAP",125.05525970459
2020-02-24,"SAP",119.828956604004
2020-02-25,"SAP",116.954971313477
2020-02-26,"SAP",116.149528503418
2020-02-27,"SAP",114.23657989502
2020-02-28,"SAP",113.101638793945
2020-03-02,"SAP",115.810882568359
2020-03-03,"SAP",113.312156677246
2020-03-04,"SAP",115.014579772949
2020-03-05,"SAP",111.005630493164
2020-03-06,"SAP",111.197845458984
2020-03-09,"SAP",102.054145812988
2020-03-10,"SAP",107.994346618652
2020-03-11,"SAP",103.079277038574
2020-03-12,"SAP",92.8464050292969
2020-03-13,"SAP",99.171012878418
2020-03-16,"SAP",89.2310333251953
2020-03-17,"SAP",94.2376327514648
2020-03-18,"SAP",88.7367782592773
2020-03-19,"SAP",86.1556777954102
2020-03-20,"SAP",86.311279296875
2020-03-23,"SAP",89.9907150268555
2020-03-24,"SAP",96.9926300048828
2020-03-25,"SAP",97.3862152099609
2020-03-26,"SAP",105.486480712891
2020-03-27,"SAP",100.937515258789
2020-03-30,"SAP",103.335548400879
2020-03-31,"SAP",101.138870239258
2020-04-01,"SAP",96.5899124145508
2020-04-02,"SAP",96.0956649780273
2020-04-03,"SAP",96.2787246704102
2020-04-06,"SAP",102.520950317383
2020-04-07,"SAP",102.356201171875
2020-04-08,"SAP",105.275947570801
2020-04-09,"SAP",111.124626159668
2020-04-13,"SAP",112.01244354248
2020-04-14,"SAP",112.881965637207
2020-04-15,"SAP",108.598434448242
2020-04-16,"SAP",109.175064086914
2020-04-17,"SAP",112.955184936523
2020-04-20,"SAP",112.177200317383
2020-04-21,"SAP",106.172927856445
2020-04-22,"SAP",107.179740905762
2020-04-23,"SAP",105.394943237305
2020-04-24,"SAP",106.621429443359
2020-04-27,"SAP",106.960075378418
2020-04-28,"SAP",106.960075378418
2020-04-29,"SAP",109.056076049805
2020-04-30,"SAP",108.497756958008
2020-05-01,"SAP",107.060768127441
2020-05-04,"SAP",107.262130737305
2020-05-05,"SAP",106.694641113281
2020-05-06,"SAP",103.564376831055
2020-05-07,"SAP",105.459022521973
2020-05-08,"SAP",106.859405517578
2020-05-11,"SAP",105.513931274414
2020-05-12,"SAP",104.726783752441
2020-05-13,"SAP",104.415596008301
2020-05-14,"SAP",103.546073913574
2020-05-15,"SAP",103.619293212891
2020-05-18,"SAP",107.527565002441
2020-05-19,"SAP",107.298736572266
2020-05-20,"SAP",110.108665466309
2020-05-21,"SAP",107.882125854492
2020-05-22,"SAP",107.770706176758
2020-05-26,"SAP",112.784591674805
2020-05-27,"SAP",114.186622619629
2020-05-28,"SAP",114.790138244629
2020-05-29,"SAP",118.940536499023
2020-06-01,"SAP",119.321197509766
2020-06-02,"SAP",121.131782531738
2020-06-03,"SAP",124.010116577148
2020-06-04,"SAP",124.734352111816
2020-06-05,"SAP",126.108520507812
2020-06-08,"SAP",126.842041015625
2020-06-09,"SAP",126.962745666504
2020-06-10,"SAP",126.814178466797
2020-06-11,"SAP",120.240417480469
2020-06-12,"SAP",120.834663391113
2020-06-15,"SAP",121.094627380371
2020-06-16,"SAP",123.98225402832
2020-06-17,"SAP",124.901473999023
2020-06-18,"SAP",125.477157592773
2020-06-19,"SAP",127.232009887695
2020-06-22,"SAP",130.899566650391
2020-06-23,"SAP",130.983139038086
2020-06-24,"SAP",126.136390686035
2020-06-25,"SAP",127.816955566406
2020-06-26,"SAP",126.999877929688
2020-06-29,"SAP",128.53190612793
2020-06-30,"SAP",129.989639282227
2020-07-01,"SAP",130.063919067383
2020-07-02,"SAP",132.635864257812
2020-07-06,"SAP",137.009078979492
2020-07-07,"SAP",133.759338378906
2020-07-08,"SAP",136.44270324707
2020-07-09,"SAP",141.753707885742
2020-07-10,"SAP",142.515090942383
2020-07-13,"SAP",140.138122558594
2020-07-14,"SAP",142.849334716797
2020-07-15,"SAP",145.411987304688
2020-07-16,"SAP",144.028533935547
2020-07-17,"SAP",145.105560302734
2020-07-20,"SAP",148.346038818359
2020-07-21,"SAP",150.890121459961
2020-07-22,"SAP",152.709976196289
2020-07-23,"SAP",149.738784790039
2020-07-24,"SAP",147.278244018555
2020-07-27,"SAP",153.081359863281
2020-07-28,"SAP",148.893859863281
2020-07-29,"SAP",152.88639831543
2020-07-30,"SAP",148.717437744141
2020-07-31,"SAP",147.835388183594
2020-08-03,"SAP",150.555862426758
2020-08-04,"SAP",148.801010131836
2020-08-05,"SAP",150.082336425781
2020-08-06,"SAP",150.398010253906
2020-08-07,"SAP",149.645935058594
2020-08-10,"SAP",148.225326538086
2020-08-11,"SAP",147.770355224609
2020-08-12,"SAP",150.982971191406
2020-08-13,"SAP",149.348831176758
2020-08-14,"SAP",148.643157958984
2020-08-17,"SAP",149.005264282227
2020-08-18,"SAP",150.212326049805
2020-08-19,"SAP",149.775909423828
2020-08-20,"SAP",151.326522827148
2020-08-21,"SAP",148.847427368164
2020-08-24,"SAP",152.171447753906
2020-08-25,"SAP",153.740615844727
2020-08-26,"SAP",156.414688110352
2020-08-27,"SAP",153.991302490234
2020-08-28,"SAP",154.799102783203
2020-08-31,"SAP",153.582763671875
2020-09-01,"SAP",154.464828491211
2020-09-02,"SAP",156.934646606445
2020-09-03,"SAP",150.342300415039
2020-09-04,"SAP",148.030349731445
2020-09-08,"SAP",143.629272460938
2020-09-09,"SAP",150.834396362305
2020-09-10,"SAP",147.631088256836
2020-09-11,"SAP",148.160339355469
2020-09-14,"SAP",149.209533691406
2020-09-15,"SAP",149.181686401367
2020-09-16,"SAP",147.603240966797
2020-09-17,"SAP",148.958847045898
2020-09-18,"SAP",148.698852539062
2020-09-21,"SAP",144.734191894531
2020-09-22,"SAP",145.987640380859
2020-09-23,"SAP",141.233734130859
2020-09-24,"SAP",142.375793457031
2020-09-25,"SAP",141.187316894531
2020-09-28,"SAP",145.848388671875
2020-09-29,"SAP",145.374862670898
2020-09-30,"SAP",144.669189453125
2020-10-01,"SAP",145.606979370117
2020-10-02,"SAP",143.257873535156
2020-10-05,"SAP",145.402709960938
2020-10-06,"SAP",143.035049438477
2020-10-07,"SAP",143.285720825195
2020-10-08,"SAP",144.957015991211
2020-10-09,"SAP",145.904083251953
2020-10-12,"SAP",147.417541503906
2020-10-13,"SAP",145.402709960938
2020-10-14,"SAP",146.182632446289
2020-10-15,"SAP",142.802917480469
2020-10-16,"SAP",144.028533935547
2020-10-19,"SAP",141.60514831543
2020-10-20,"SAP",139.887420654297
2020-10-21,"SAP",137.761154174805
2020-10-22,"SAP",137.083374023438
2020-10-23,"SAP",138.977493286133
2020-10-26,"SAP",106.795768737793
2020-10-27,"SAP",106.312965393066
2020-10-28,"SAP",100.379859924316
2020-10-29,"SAP",100.862670898438
2020-10-30,"SAP",99.1913909912109
2020-11-02,"SAP",98.2628860473633
2020-11-03,"SAP",101.865455627441
2020-11-04,"SAP",104.409530639648
2020-11-05,"SAP",107.408584594727
2020-11-06,"SAP",106.888633728027
2020-11-09,"SAP",106.981475830078
2020-11-10,"SAP",108.429931640625
2020-11-11,"SAP",110.964736938477
2020-11-12,"SAP",109.03345489502
2020-11-13,"SAP",111.707527160645
2020-11-16,"SAP",110.444770812988
2020-11-17,"SAP",108.62491607666
2020-11-18,"SAP",109.497703552246
2020-11-19,"SAP",110.19408416748
2020-11-20,"SAP",108.652763366699
2020-11-23,"SAP",108.996307373047
2020-11-24,"SAP",108.448509216309
2020-11-25,"SAP",109.646255493164
2020-11-27,"SAP",110.723327636719
2020-11-30,"SAP",112.496757507324
2020-12-01,"SAP",114.223762512207
2020-12-02,"SAP",113.740936279297
2020-12-03,"SAP",113.657379150391
2020-12-04,"SAP",115.727920532227
2020-12-07,"SAP",114.409454345703
2020-12-08,"SAP",115.124397277832
2020-12-09,"SAP",114.186622619629
2020-12-10,"SAP",114.205184936523
2020-12-11,"SAP",112.208915710449
2020-12-14,"SAP",112.636024475098
2020-12-15,"SAP",114.270179748535
2020-12-16,"SAP",116.06217956543
2020-12-17,"SAP",119.469772338867
2020-12-18,"SAP",118.234855651855
2020-12-21,"SAP",116.359298706055
2020-12-22,"SAP",116.925689697266
2020-12-23,"SAP",116.990684509277
2020-12-24,"SAP",117.04638671875
2020-12-28,"SAP",121.549598693848
2020-12-29,"SAP",120.658241271973
2020-12-30,"SAP",121.298904418945
2020-12-31,"SAP",121.066787719727
2021-01-04,"SAP",119.9990234375
2021-01-05,"SAP",120.686096191406
2021-01-06,"SAP",120.463272094727
2021-01-07,"SAP",119.590476989746
2021-01-08,"SAP",121.781723022461
2021-01-11,"SAP",120.054718017578
2021-01-12,"SAP",120.147567749023
2021-01-13,"SAP",118.903388977051
2021-01-14,"SAP",117.083518981934
2021-01-15,"SAP",116.06217956543
2021-01-19,"SAP",117.993453979492
2021-01-20,"SAP",118.504127502441
2021-01-21,"SAP",118.754821777344
2021-01-22,"SAP",118.364860534668
2021-01-25,"SAP",120.361129760742
2021-01-26,"SAP",125.235748291016
2021-01-27,"SAP",122.738082885742
2021-01-28,"SAP",121.113204956055
2021-01-29,"SAP",117.176376342773
2021-02-01,"SAP",120.296127319336
2021-02-02,"SAP",120.296127319336
2021-02-03,"SAP",121.271049499512
2021-02-04,"SAP",122.849487304688
2021-02-05,"SAP",120.973922729492
2021-02-08,"SAP",122.097412109375
2021-02-09,"SAP",122.134559631348
2021-02-10,"SAP",120.398277282715
2021-02-11,"SAP",123.044494628906
2021-02-12,"SAP",122.49666595459
2021-02-16,"SAP",121.410316467285
2021-02-17,"SAP",117.278511047363
2021-02-18,"SAP",119.479042053223
2021-02-19,"SAP",117.752052307129
2021-02-22,"SAP",116.73998260498
2021-02-23,"SAP",115.932197570801
2021-02-24,"SAP",117.510635375977
2021-02-25,"SAP",114.845848083496
2021-02-26,"SAP",114.530158996582
2021-03-01,"SAP",115.523658752441
2021-03-02,"SAP",116.377861022949
2021-03-03,"SAP",114.316604614258
2021-03-04,"SAP",113.313835144043
2021-03-05,"SAP",114.27946472168
2021-03-08,"SAP",114.270179748535
2021-03-09,"SAP",117.204231262207
2021-03-10,"SAP",116.925689697266
2021-03-11,"SAP",117.779907226562
2021-03-12,"SAP",114.96654510498
2021-03-15,"SAP",113.991638183594
2021-03-16,"SAP",113.434532165527
2021-03-17,"SAP",114.780860900879
2021-03-18,"SAP",113.08171081543
2021-03-19,"SAP",114.36302947998
2021-03-22,"SAP",114.158752441406
2021-03-23,"SAP",113.57381439209
2021-03-24,"SAP",112.431755065918
2021-03-25,"SAP",112.793869018555
2021-03-26,"SAP",113.935920715332
2021-03-29,"SAP",113.694519042969
2021-03-30,"SAP",112.849578857422
2021-03-31,"SAP",114.010200500488
2021-04-01,"SAP",116.758560180664
2021-04-05,"SAP",122.375984191895
2021-04-06,"SAP",119.265495300293
2021-04-07,"SAP",120.50968170166
2021-04-08,"SAP",123.657287597656
2021-04-09,"SAP",124.223663330078
2021-04-12,"SAP",122.933059692383
2021-04-13,"SAP",124.817909240723
2021-04-14,"SAP",126.24781036377
2021-04-15,"SAP",129.246841430664
2021-04-16,"SAP",129.339691162109
2021-04-19,"SAP",129.553253173828
2021-04-20,"SAP",129.163269042969
2021-04-21,"SAP",131.753768920898
2021-04-22,"SAP",133.47151184082
2021-04-23,"SAP",133.647918701172
2021-04-26,"SAP",132.979415893555
2021-04-27,"SAP",132.450164794922
2021-04-28,"SAP",133.777923583984
2021-04-29,"SAP",133.499359130859
2021-04-30,"SAP",129.933944702148
2021-05-03,"SAP",130.936706542969
2021-05-04,"SAP",126.944160461426
2021-05-05,"SAP",128.271926879883
2021-05-06,"SAP",131.540237426758
2021-05-07,"SAP",131.605239868164
2021-05-10,"SAP",129.543960571289
2021-05-11,"SAP",127.974822998047
2021-05-12,"SAP",125.811401367188
2021-05-13,"SAP",127.622444152832
2021-05-14,"SAP",131.010513305664
2021-05-17,"SAP",129.632629394531
2021-05-18,"SAP",130.236633300781
2021-05-19,"SAP",129.387268066406
2021-05-20,"SAP",132.284545898438
2021-05-21,"SAP",131.982559204102
2021-05-24,"SAP",133.483108520508
2021-05-25,"SAP",133.048965454102
2021-05-26,"SAP",133.5869140625
2021-05-27,"SAP",130.566940307617
2021-05-28,"SAP",132.058044433594
2021-06-01,"SAP",132.152420043945
2021-06-02,"SAP",131.3125
2021-06-03,"SAP",130.08561706543
2021-06-04,"SAP",132.010864257812
2021-06-07,"SAP",132.98291015625
2021-06-08,"SAP",133.700164794922
2021-06-09,"SAP",132.095794677734
2021-06-10,"SAP",133.964416503906
2021-06-11,"SAP",135.436645507812
2021-06-14,"SAP",137.635559082031
2021-06-15,"SAP",136.106719970703
2021-06-16,"SAP",134.502365112305
2021-06-17,"SAP",133.832290649414
2021-06-18,"SAP",132.293975830078
2021-06-21,"SAP",132.860244750977
2021-06-22,"SAP",133.294357299805
2021-06-23,"SAP",130.906692504883
2021-06-24,"SAP",133.284912109375
2021-06-25,"SAP",132.463851928711
2021-06-28,"SAP",133.51139831543
2021-06-29,"SAP",134.794906616211
2021-06-30,"SAP",132.558242797852
2021-07-01,"SAP",132.605407714844
2021-07-02,"SAP",133.747344970703
2021-07-06,"SAP",133.737899780273
2021-07-07,"SAP",139.381484985352
2021-07-08,"SAP",137.890396118164
2021-07-09,"SAP",139.777862548828
2021-07-12,"SAP",140.580062866211
2021-07-13,"SAP",141.184066772461
2021-07-14,"SAP",141.750305175781
2021-07-15,"SAP",139.381484985352
2021-07-16,"SAP",139.343734741211
2021-07-19,"SAP",136.663513183594
2021-07-20,"SAP",135.993453979492
2021-07-21,"SAP",131.048248291016
2021-07-22,"SAP",131.491806030273
2021-07-23,"SAP",130.963302612305
2021-07-26,"SAP",130.859497070312
2021-07-27,"SAP",133.464233398438
2021-07-28,"SAP",134.927032470703
2021-07-29,"SAP",136.219955444336
2021-07-30,"SAP",135.634841918945
2021-08-02,"SAP",135.257339477539
2021-08-03,"SAP",137.352447509766
2021-08-04,"SAP",138.154632568359
2021-08-05,"SAP",140.561172485352
2021-08-06,"SAP",138.135757446289
2021-08-09,"SAP",138.315063476562
2021-08-10,"SAP",137.550643920898
2021-08-11,"SAP",137.069320678711
2021-08-12,"SAP",139.438140869141
2021-08-13,"SAP",139.957183837891
2021-08-16,"SAP",139.607986450195
2021-08-17,"SAP",140.542297363281
2021-08-18,"SAP",139.277679443359
2021-08-19,"SAP",138.74919128418
2021-08-20,"SAP",139.523056030273
2021-08-23,"SAP",140.570617675781
2021-08-24,"SAP",139.89111328125
2021-08-25,"SAP",138.71142578125
2021-08-26,"SAP",138.852996826172
2021-08-27,"SAP",140.353561401367
2021-08-30,"SAP",141.448318481445
2021-08-31,"SAP",141.693664550781
2021-09-01,"SAP",141.66535949707
2021-09-02,"SAP",140.598922729492
2021-09-03,"SAP",141.401107788086
2021-09-07,"SAP",141.202926635742
2021-09-08,"SAP",138.475494384766
2021-09-09,"SAP",137.484573364258
2021-09-10,"SAP",136.908889770508
2021-09-13,"SAP",137.097640991211
2021-09-14,"SAP",136.984375
2021-09-15,"SAP",136.135009765625
2021-09-16,"SAP",136.710708618164
2021-09-17,"SAP",135.257339477539
2021-09-20,"SAP",131.340805053711
2021-09-21,"SAP",133.851165771484
2021-09-22,"SAP",133.813415527344
2021-09-23,"SAP",136.729583740234
2021-09-24,"SAP",134.568405151367
2021-09-27,"SAP",134.483474731445
2021-09-28,"SAP",129.830825805664
2021-09-29,"SAP",128.669998168945
2021-09-30,"SAP",127.443130493164
2021-10-01,"SAP",128.301940917969
2021-10-04,"SAP",126.244583129883
2021-10-05,"SAP",125.914283752441
2021-10-06,"SAP",128.113189697266
2021-10-07,"SAP",128.028259277344
2021-10-08,"SAP",127.820648193359
2021-10-11,"SAP",127.518646240234
2021-10-12,"SAP",127.056205749512
2021-10-13,"SAP",133.681274414062
2021-10-14,"SAP",136.880584716797
2021-10-15,"SAP",137.814895629883
2021-10-18,"SAP",137.192016601562
2021-10-19,"SAP",136.295440673828
2021-10-20,"SAP",135.568771362305
2021-10-21,"SAP",131.614501953125
2021-10-22,"SAP",133.803970336914
2021-10-25,"SAP",136.578582763672
2021-10-26,"SAP",137.53173828125
2021-10-27,"SAP",136.729583740234
2021-10-28,"SAP",139.173873901367
2021-10-29,"SAP",136.635208129883
2021-11-01,"SAP",138.013076782227
2021-11-02,"SAP",138.702011108398
2021-11-03,"SAP",141.02360534668
2021-11-04,"SAP",140.542297363281
2021-11-05,"SAP",141.11799621582
2021-11-08,"SAP",140.325241088867
2021-11-09,"SAP",139.985504150391
2021-11-10,"SAP",137.456253051758
2021-11-11,"SAP",136.757888793945
2021-11-12,"SAP",134.398544311523
2021-11-15,"SAP",133.426498413086
2021-11-16,"SAP",134.256973266602
2021-11-17,"SAP",133.983276367188
2021-11-18,"SAP",134.464599609375
2021-11-19,"SAP",133.02067565918
2021-11-22,"SAP",128.311386108398
2021-11-23,"SAP",127.84895324707
2021-11-24,"SAP",126.140777587891
2021-11-26,"SAP",123.328407287598
2021-11-29,"SAP",125.451843261719
2021-11-30,"SAP",121.214431762695
2021-12-01,"SAP",122.507362365723
2021-12-02,"SAP",122.847099304199
2021-12-03,"SAP",121.724052429199
2021-12-06,"SAP",125.130966186523
2021-12-07,"SAP",126.933517456055
2021-12-08,"SAP",126.95238494873
2021-12-09,"SAP",125.385787963867
2021-12-10,"SAP",127.773452758789
2021-12-13,"SAP",130.189422607422
2021-12-14,"SAP",127.971641540527
2021-12-15,"SAP",130.623565673828
2021-12-16,"SAP",129.906311035156
2021-12-17,"SAP",130.831176757812
2021-12-20,"SAP",128.707763671875
2021-12-21,"SAP",129.689254760742
2021-12-22,"SAP",131.557861328125
2021-12-23,"SAP",132.199600219727
2021-12-27,"SAP",133.341537475586
2021-12-28,"SAP",133.549163818359
2021-12-29,"SAP",132.161849975586
2021-12-30,"SAP",132.501586914062
2021-12-31,"SAP",132.227920532227
2022-01-03,"SAP",133.445343017578
2022-01-04,"SAP",132.378921508789
2022-01-05,"SAP",131.727737426758
2022-01-06,"SAP",129.283447265625
2022-01-07,"SAP",130.481994628906
2022-01-10,"SAP",130.812301635742
2022-01-11,"SAP",130.982177734375
2022-01-12,"SAP",132.265670776367
2022-01-13,"SAP",128.264205932617
2022-01-14,"SAP",131.085983276367
2022-01-18,"SAP",128.443511962891
2022-01-19,"SAP",129.094696044922
2022-01-20,"SAP",129.302322387695
2022-01-21,"SAP",128.160400390625
2022-01-24,"SAP",126.197402954102
2022-01-25,"SAP",124.876159667969
2022-01-26,"SAP",124.838409423828
2022-01-27,"SAP",115.495338439941
2022-01-28,"SAP",115.108406066895
2022-01-31,"SAP",118.166137695312
2022-02-01,"SAP",120.497192382812
2022-02-02,"SAP",119.997009277344
2022-02-03,"SAP",116.84489440918
2022-02-04,"SAP",119.043823242188
2022-02-07,"SAP",119.75163269043
2022-02-08,"SAP",118.619140625
2022-02-09,"SAP",119.185386657715
2022-02-10,"SAP",116.882652282715
2022-02-11,"SAP",113.570106506348
2022-02-14,"SAP",111.69206237793
2022-02-15,"SAP",113.485168457031
2022-02-16,"SAP",114.108047485352
2022-02-17,"SAP",111.210746765137
2022-02-18,"SAP",109.200569152832
2022-02-22,"SAP",107.171524047852
2022-02-23,"SAP",104.736671447754
2022-02-24,"SAP",105.652099609375
2022-02-25,"SAP",108.549385070801
2022-02-28,"SAP",106.246658325195
2022-03-01,"SAP",103.103996276855
2022-03-02,"SAP",106.822341918945
2022-03-03,"SAP",102.877494812012
2022-03-04,"SAP",100.131195068359
2022-03-07,"SAP",99.0647735595703
2022-03-08,"SAP",100.235008239746
2022-03-09,"SAP",105.557731628418
2022-03-10,"SAP",102.405616760254
2022-03-11,"SAP",101.62232208252
2022-03-14,"SAP",103.858993530273
2022-03-15,"SAP",104.50074005127
2022-03-16,"SAP",108.049209594727
2022-03-17,"SAP",109.200569152832
2022-03-18,"SAP",108.870269775391
2022-03-21,"SAP",105.576599121094
2022-03-22,"SAP",106.388221740723
2022-03-23,"SAP",103.613609313965
2022-03-24,"SAP",104.963172912598
2022-03-25,"SAP",105.07640838623
2022-03-28,"SAP",105.519981384277
2022-03-29,"SAP",108.285140991211
2022-03-30,"SAP",106.784591674805
2022-03-31,"SAP",104.717796325684
2022-04-01,"SAP",104.406349182129
2022-04-04,"SAP",106.152282714844
2022-04-05,"SAP",104.576232910156
2022-04-06,"SAP",103.538116455078
2022-04-07,"SAP",103.037933349609
2022-04-08,"SAP",102.367874145508
2022-04-11,"SAP",101.509071350098
2022-04-12,"SAP",99.4894561767578
2022-04-13,"SAP",99.9613265991211
2022-04-14,"SAP",98.045524597168
2022-04-18,"SAP",98.3569641113281
2022-04-19,"SAP",99.3195724487305
2022-04-20,"SAP",100.867317199707
2022-04-21,"SAP",100.357688903809
2022-04-22,"SAP",98.0077819824219
2022-04-25,"SAP",97.89453125
2022-04-26,"SAP",94.1761779785156
2022-04-27,"SAP",93.9308090209961
2022-04-28,"SAP",96.9319076538086
2022-04-29,"SAP",95.1293640136719
2022-05-02,"SAP",96.6487884521484
2022-05-03,"SAP",94.3743591308594
2022-05-04,"SAP",96.7903442382812
2022-05-05,"SAP",94.2044906616211
2022-05-06,"SAP",90.7315139770508
2022-05-09,"SAP",90.5805130004883
2022-05-10,"SAP",91.382698059082
2022-05-11,"SAP",90.2124481201172
2022-05-12,"SAP",91.5148239135742
2022-05-13,"SAP",93.1569366455078
2022-05-16,"SAP",92.0527496337891
2022-05-17,"SAP",93.4872436523438
2022-05-18,"SAP",87.9946517944336
2022-05-19,"SAP",92.6285095214844
2022-05-20,"SAP",94.6491394042969
2022-05-23,"SAP",96.9806365966797
2022-05-24,"SAP",95.8828887939453
2022-05-25,"SAP",94.5422821044922
2022-05-26,"SAP",95.6594619750977
2022-05-27,"SAP",98.2629699707031
2022-05-31,"SAP",96.990348815918
2022-06-01,"SAP",96.4949188232422
2022-06-02,"SAP",99.2052764892578
2022-06-03,"SAP",97.5635147094727
2022-06-06,"SAP",97.9812393188477
2022-06-07,"SAP",99.0789947509766
2022-06-08,"SAP",97.0097885131836
2022-06-09,"SAP",94.0274124145508
2022-06-10,"SAP",91.4821929931641
2022-06-13,"SAP",88.2278060913086
2022-06-14,"SAP",87.790657043457
2022-06-15,"SAP",90.6370239257812
2022-06-16,"SAP",90.112434387207
2022-06-17,"SAP",90.3455810546875
2022-06-21,"SAP",91.4044723510742
2022-06-22,"SAP",91.3170394897461
2022-06-23,"SAP",91.5501861572266
2022-06-24,"SAP",95.6011734008789
2022-06-27,"SAP",94.5228576660156
2022-06-28,"SAP",92.7450866699219
2022-06-29,"SAP",91.2490463256836
2022-06-30,"SAP",88.1306610107422
2022-07-01,"SAP",88.1112289428711
2022-07-05,"SAP",86.6151885986328
2022-07-06,"SAP",87.2952041625977
2022-07-07,"SAP",88.1209411621094
2022-07-08,"SAP",88.0043640136719
2022-07-11,"SAP",85.7991638183594
2022-07-12,"SAP",83.8853912353516
2022-07-13,"SAP",83.4968032836914
2022-07-14,"SAP",82.98193359375
2022-07-15,"SAP",85.4882965087891
2022-07-18,"SAP",85.5757217407227
2022-07-19,"SAP",89.7044143676758
2022-07-20,"SAP",89.694709777832
2022-07-21,"SAP",87.7129364013672
2022-07-22,"SAP",91.0741806030273
2022-07-25,"SAP",89.3449783325195
2022-07-26,"SAP",87.7129364013672
2022-07-27,"SAP",88.7038192749023
2022-07-28,"SAP",89.1506881713867
2022-07-29,"SAP",90.5495910644531
2022-08-01,"SAP",91.113037109375
2022-08-02,"SAP",88.5872497558594
2022-08-03,"SAP",90.8215942382812
2022-08-04,"SAP",92.5702209472656
2022-08-05,"SAP",91.8610534667969
2022-08-08,"SAP",91.6376266479492
2022-08-09,"SAP",91.0838928222656
2022-08-10,"SAP",93.3279571533203
2022-08-11,"SAP",92.5216522216797
2022-08-12,"SAP",93.2113800048828
2022-08-15,"SAP",93.0753784179688
2022-08-16,"SAP",91.5113296508789
2022-08-17,"SAP",90.2970123291016
2022-08-18,"SAP",89.8209991455078
2022-08-19,"SAP",89.0049743652344
2022-08-22,"SAP",85.9060211181641
2022-08-23,"SAP",84.8762817382812
2022-08-24,"SAP",84.9248504638672
2022-08-25,"SAP",85.6825866699219
2022-08-26,"SAP",81.8356094360352
2022-08-29,"SAP",82.1659088134766
2022-08-30,"SAP",82.1076202392578
2022-08-31,"SAP",82.7876358032227
2022-09-01,"SAP",81.5830383300781
2022-09-02,"SAP",80.8932952880859
2022-09-06,"SAP",81.7676086425781
2022-09-07,"SAP",83.1276550292969
2022-09-08,"SAP",82.8750686645508
2022-09-09,"SAP",84.5848388671875
2022-09-12,"SAP",86.4111709594727
2022-09-13,"SAP",83.4093780517578
2022-09-14,"SAP",83.8465270996094
2022-09-15,"SAP",82.0007629394531
2022-09-16,"SAP",81.5441818237305
2022-09-19,"SAP",81.8550415039062
2022-09-20,"SAP",80.5630035400391
2022-09-21,"SAP",79.9898376464844
2022-09-22,"SAP",79.0475387573242
2022-09-23,"SAP",77.2017593383789
2022-09-26,"SAP",77.3571853637695
2022-09-27,"SAP",76.8617553710938
2022-09-28,"SAP",79.1349563598633
2022-09-29,"SAP",78.1829299926758
2022-09-30,"SAP",78.9309539794922
2022-10-03,"SAP",81.5441818237305
2022-10-04,"SAP",85.5271606445312
2022-10-05,"SAP",84.6917037963867
2022-10-06,"SAP",83.8951110839844
2022-10-07,"SAP",82.1173324584961
2022-10-10,"SAP",81.6510391235352
2022-10-11,"SAP",80.6407165527344
2022-10-12,"SAP",80.1549987792969
2022-10-13,"SAP",82.7196426391602
2022-10-14,"SAP",82.1950531005859
2022-10-17,"SAP",84.3711166381836
2022-10-18,"SAP",86.4791793823242
2022-10-19,"SAP",84.2545471191406
2022-10-20,"SAP",84.4294052124023
2022-10-21,"SAP",88.2860870361328
2022-10-24,"SAP",88.4123840332031
2022-10-25,"SAP",93.5708236694336
2022-10-26,"SAP",94.9697265625
2022-10-27,"SAP",94.6588592529297
2022-10-28,"SAP",94.9211502075195
2022-10-31,"SAP",93.318244934082
2022-11-01,"SAP",93.1045227050781
2022-11-02,"SAP",91.2879028320312
2022-11-03,"SAP",90.04443359375
2022-11-04,"SAP",93.2793884277344
2022-11-07,"SAP",94.7851486206055
2022-11-08,"SAP",95.1737289428711
2022-11-09,"SAP",94.7657165527344
2022-11-10,"SAP",104.12085723877
2022-11-11,"SAP",107.025512695312
2022-11-14,"SAP",105.723762512207
2022-11-15,"SAP",106.675788879395
2022-11-16,"SAP",107.890113830566
2022-11-17,"SAP",108.62841796875
2022-11-18,"SAP",105.684898376465
2022-11-21,"SAP",105.403182983398
2022-11-22,"SAP",106.491218566895
2022-11-23,"SAP",106.714653015137
2022-11-25,"SAP",107.491813659668
2022-11-28,"SAP",104.917457580566
2022-11-29,"SAP",103.868278503418
2022-11-30,"SAP",107.705543518066
2022-12-01,"SAP",108.813003540039
2022-12-02,"SAP",108.832427978516
2022-12-05,"SAP",107.122657775879
2022-12-06,"SAP",104.694007873535
2022-12-07,"SAP",104.791168212891
2022-12-08,"SAP",104.74259185791
2022-12-09,"SAP",104.227714538574
2022-12-12,"SAP",105.267181396484
2022-12-13,"SAP",106.675788879395
2022-12-14,"SAP",106.578643798828
2022-12-15,"SAP",102.566528320312
2022-12-16,"SAP",102.352798461914
2022-12-19,"SAP",101.323059082031
2022-12-20,"SAP",101.507637023926
2022-12-21,"SAP",101.808792114258
2022-12-22,"SAP",101.012191772461
2022-12-23,"SAP",100.545890808105
2022-12-27,"SAP",100.39045715332
2022-12-28,"SAP",98.9041290283203
2022-12-29,"SAP",101.138481140137
2022-12-30,"SAP",100.244743347168
2023-01-03,"SAP",101.012191772461
2023-01-04,"SAP",103.839134216309
2023-01-05,"SAP",103.129974365234
2023-01-06,"SAP",105.99577331543
2023-01-09,"SAP",108.259269714355
2023-01-10,"SAP",110.182746887207
2023-01-11,"SAP",111.591369628906
2023-01-12,"SAP",113.349708557129
2023-01-13,"SAP",113.670295715332
2023-01-17,"SAP",112.893119812012
2023-01-18,"SAP",113.738296508789
2023-01-19,"SAP",112.368530273438
2023-01-20,"SAP",113.777153015137
2023-01-23,"SAP",113.378852844238
2023-01-24,"SAP",112.873695373535
2023-01-25,"SAP",112.844551086426
2023-01-26,"SAP",110.84334564209
2023-01-27,"SAP",109.978744506836
2023-01-30,"SAP",112.776542663574
2023-01-31,"SAP",115.146896362305
2023-02-01,"SAP",117.575546264648
2023-02-02,"SAP",119.460182189941
2023-02-03,"SAP",117.186958312988
2023-02-06,"SAP",116.302940368652
2023-02-07,"SAP",116.419509887695
2023-02-08,"SAP",115.224617004395
2023-02-09,"SAP",115.312049865723
2023-02-10,"SAP",114.000579833984
2023-02-13,"SAP",115.098335266113
2023-02-14,"SAP",115.370346069336
2023-02-15,"SAP",115.865776062012
2023-02-16,"SAP",114.593170166016
2023-02-17,"SAP",114.000579833984
2023-02-21,"SAP",111.503936767578
2023-02-22,"SAP",111.970237731934
2023-02-23,"SAP",112.698829650879
2023-02-24,"SAP",109.949600219727
2023-02-27,"SAP",111.843948364258
2023-02-28,"SAP",110.571342468262
2023-03-01,"SAP",110.969635009766
2023-03-02,"SAP",111.261070251465
2023-03-03,"SAP",113.563430786133
2023-03-06,"SAP",116.312652587891
2023-03-07,"SAP",113.553718566895
2023-03-08,"SAP",114.058876037598
2023-03-09,"SAP",112.679397583008
2023-03-10,"SAP",112.164520263672
2023-03-13,"SAP",111.746803283691
2023-03-14,"SAP",114.748603820801
2023-03-15,"SAP",112.30052947998
2023-03-16,"SAP",116.866386413574
2023-03-17,"SAP",115.81721496582
2023-03-20,"SAP",117.915557861328
2023-03-21,"SAP",119.955619812012
2023-03-22,"SAP",118.751014709473
2023-03-23,"SAP",120.208198547363
2023-03-24,"SAP",119.771041870117
2023-03-27,"SAP",119.73218536377
2023-03-28,"SAP",119.945907592773
2023-03-29,"SAP",120.771644592285
2023-03-30,"SAP",122.471694946289
2023-03-31,"SAP",122.937995910645
2023-04-03,"SAP",122.714561462402
2023-04-04,"SAP",124.162033081055
2023-04-05,"SAP",123.122573852539
2023-04-06,"SAP",125.036354064941
2023-04-10,"SAP",123.812301635742
2023-04-11,"SAP",122.928283691406
2023-04-12,"SAP",123.48201751709
2023-04-13,"SAP",124.39518737793
2023-04-14,"SAP",123.783164978027
2023-04-17,"SAP",123.569442749023
2023-04-18,"SAP",123.996887207031
2023-04-19,"SAP",123.666595458984
2023-04-20,"SAP",123.239151000977
2023-04-21,"SAP",130.126770019531
2023-04-24,"SAP",128.757034301758
2023-04-25,"SAP",129.621627807617
2023-04-26,"SAP",129.543914794922
2023-04-27,"SAP",132.749710083008
2023-04-28,"SAP",131.409103393555
2023-05-01,"SAP",130.641662597656
2023-05-02,"SAP",130.525085449219
2023-05-03,"SAP",131.904556274414
2023-05-04,"SAP",130.262786865234
2023-05-05,"SAP",130.913650512695
2023-05-08,"SAP",131.904556274414
2023-05-09,"SAP",130.8359375
2023-05-10,"SAP",130.981674194336
2023-05-11,"SAP",129.874206542969
2023-05-12,"SAP",129.949264526367
2023-05-15,"SAP",129.672744750977
2023-05-16,"SAP",131.509689331055
2023-05-17,"SAP",130.976379394531
2023-05-18,"SAP",132.240509033203
2023-05-19,"SAP",132.615798950195
2023-05-22,"SAP",131.638061523438
2023-05-23,"SAP",128.220962524414
2023-05-24,"SAP",127.608642578125
2023-05-25,"SAP",127.835792541504
2023-05-26,"SAP",129.781372070312
2023-05-30,"SAP",128.625885009766
2023-05-31,"SAP",128.823394775391
2023-06-01,"SAP",130.531951904297
2023-06-02,"SAP",131.322036743164
2023-06-05,"SAP",129.870254516602
2023-06-06,"SAP",130.206039428711
2023-06-07,"SAP",130.067779541016
2023-06-08,"SAP",131.559066772461
2023-06-09,"SAP",131.075134277344
2023-06-12,"SAP",132.112121582031
2023-06-13,"SAP",133.61328125
2023-06-14,"SAP",133.879943847656
2023-06-15,"SAP",135.341598510742
2023-06-16,"SAP",135.578628540039
2023-06-20,"SAP",134.324356079102
2023-06-21,"SAP",133.119476318359
2023-06-22,"SAP",133.435516357422
2023-06-23,"SAP",131.815841674805
2023-06-26,"SAP",130.788726806641
2023-06-27,"SAP",131.361541748047
2023-06-28,"SAP",132.605926513672
2023-06-29,"SAP",132.763931274414
2023-06-30,"SAP",135.114440917969
2023-07-03,"SAP",132.882461547852
2023-07-05,"SAP",132.734313964844
2023-07-06,"SAP",130.788726806641
2023-07-07,"SAP",131.608444213867
2023-07-10,"SAP",133.208374023438
2023-07-11,"SAP",134.630523681641
2023-07-12,"SAP",138.83772277832
2023-07-13,"SAP",142.175842285156
2023-07-14,"SAP",142.561004638672
2023-07-17,"SAP",143.193069458008
2023-07-18,"SAP",143.114059448242
2023-07-19,"SAP",141.227737426758
2023-07-20,"SAP",132.270141601562
2023-07-21,"SAP",132.359024047852
2023-07-24,"SAP",130.749221801758
2023-07-25,"SAP",130.966506958008
2023-07-26,"SAP",130.699844360352
2023-07-27,"SAP",132.408416748047
2023-07-28,"SAP",135.114440917969
2023-07-31,"SAP",134.66015625
2023-08-01,"SAP",134.699645996094
2023-08-02,"SAP",131.559066772461
2023-08-03,"SAP",130.561584472656
2023-08-04,"SAP",131.312164306641
2023-08-07,"SAP",134.116973876953
2023-08-08,"SAP",132.961471557617
2023-08-09,"SAP",133.840438842773
2023-08-10,"SAP",136.181060791016
2023-08-11,"SAP",135.944030761719
2023-08-14,"SAP",137.227920532227
2023-08-15,"SAP",135.983551025391
2023-08-16,"SAP",135.716888427734
2023-08-17,"SAP",132.675064086914
2023-08-18,"SAP",133.682418823242
2023-08-21,"SAP",135.015701293945
2023-08-22,"SAP",136.753875732422
2023-08-23,"SAP",138.403182983398
2023-08-24,"SAP",133.899688720703
2023-08-25,"SAP",135.756393432617
2023-08-28,"SAP",136.62548828125
2023-08-29,"SAP",138.314300537109
2023-08-30,"SAP",138.896987915039
2023-08-31,"SAP",137.958755493164
2023-09-01,"SAP",136.477340698242
2023-09-05,"SAP",135.963790893555
2023-09-06,"SAP",137.020538330078
2023-09-07,"SAP",138.215530395508
2023-09-08,"SAP",138.719223022461
2023-09-11,"SAP",137.445205688477
2023-09-12,"SAP",133.573776245117
2023-09-13,"SAP",134.067581176758
2023-09-14,"SAP",134.304611206055
2023-09-15,"SAP",133.563919067383
2023-09-18,"SAP",133.563919067383
2023-09-19,"SAP",133.03059387207
2023-09-20,"SAP",131.875091552734
2023-09-21,"SAP",129.534469604492
2023-09-22,"SAP",131.005996704102
2023-09-25,"SAP",130.314682006836
2023-09-26,"SAP",125.603797912598
2023-09-27,"SAP",126.097602844238
2023-09-28,"SAP",126.364250183105
2023-09-29,"SAP",127.71728515625
2023-10-02,"SAP",126.966690063477
2023-10-03,"SAP",126.354377746582
2023-10-04,"SAP",127.332099914551
2023-10-05,"SAP",127.954299926758
2023-10-06,"SAP",129.297439575195
2023-10-09,"SAP",128.29997253418
2023-10-10,"SAP",129.573974609375
2023-10-11,"SAP",130.749221801758
2023-10-12,"SAP",130.028274536133
2023-10-13,"SAP",127.193840026855
2023-10-16,"SAP",129.080169677734
2023-10-17,"SAP",128.872787475586
2023-10-18,"SAP",126.028472900391
2023-10-19,"SAP",131.726959228516
2023-10-20,"SAP",129.080169677734
2023-10-23,"SAP",130.561584472656
2023-10-24,"SAP",132.013366699219
2023-10-25,"SAP",129.090057373047
2023-10-26,"SAP",129.593734741211
2023-10-27,"SAP",129.761627197266
2023-10-30,"SAP",131.993606567383
2023-10-31,"SAP",132.339279174805
2023-11-01,"SAP",134.393493652344
2023-11-02,"SAP",136.862518310547
2023-11-03,"SAP",137.257553100586
2023-11-06,"SAP",136.832885742188
2023-11-07,"SAP",138.916732788086
2023-11-08,"SAP",140.408020019531
2023-11-09,"SAP",140.684539794922
2023-11-10,"SAP",143.301712036133
2023-11-13,"SAP",143.232574462891
2023-11-14,"SAP",145.829986572266
2023-11-15,"SAP",146.679321289062
2023-11-16,"SAP",146.748443603516
2023-11-17,"SAP",148.091598510742
2023-11-20,"SAP",151.400085449219
2023-11-21,"SAP",150.610000610352
2023-11-22,"SAP",151.261825561523
2023-11-24,"SAP",152.279052734375
2023-11-27,"SAP",153.019760131836
2023-11-28,"SAP",154.362899780273
2023-11-29,"SAP",156.664031982422
2023-11-30,"SAP",157.14794921875
2023-12-01,"SAP",158.105926513672
2023-12-04,"SAP",157.296096801758
2023-12-05,"SAP",157.384979248047
2023-12-06,"SAP",156.140594482422
2023-12-07,"SAP",157.365219116211
2023-12-08,"SAP",158.175064086914
2023-12-11,"SAP",157.157836914062
2023-12-12,"SAP",156.298599243164
2023-12-13,"SAP",157.789901733398
2023-12-14,"SAP",154.07649230957
2023-12-15,"SAP",151.597595214844
2023-12-18,"SAP",152.980239868164
2023-12-19,"SAP",153.158020019531
2023-12-20,"SAP",149.266845703125
2023-12-21,"SAP",150.293960571289
2023-12-22,"SAP",150.807510375977
2023-12-26,"SAP",151.281555175781
2023-12-27,"SAP",153.967849731445
2023-12-28,"SAP",152.41731262207
2023-12-29,"SAP",152.674087524414
2024-01-02,"SAP",148.348388671875
2024-01-03,"SAP",147.933578491211
2024-01-04,"SAP",146.679321289062
2024-01-05,"SAP",147.99284362793
2024-01-08,"SAP",150.669250488281
2024-01-09,"SAP",150.26432800293
2024-01-10,"SAP",153.908599853516
2024-01-11,"SAP",154.570297241211
2024-01-12,"SAP",156.575134277344
2024-01-16,"SAP",154.87646484375
2024-01-17,"SAP",155.824554443359
2024-01-18,"SAP",158.441711425781
2024-01-19,"SAP",161.424285888672
2024-01-22,"SAP",161.187271118164
2024-01-23,"SAP",161.355163574219
2024-01-24,"SAP",172.44596862793
2024-01-25,"SAP",171.290481567383
2024-01-26,"SAP",171.527496337891
2024-01-29,"SAP",174.154525756836
2024-01-30,"SAP",173.552093505859
2024-01-31,"SAP",170.954696655273
2024-02-01,"SAP",175.023635864258
2024-02-02,"SAP",174.865615844727
2024-02-05,"SAP",174.845855712891
2024-02-06,"SAP",176.574157714844
2024-02-07,"SAP",178.934539794922
2024-02-08,"SAP",178.914794921875
2024-02-09,"SAP",179.29997253418
2024-02-12,"SAP",177.166732788086
2024-02-13,"SAP",171.823776245117
2024-02-14,"SAP",175.270538330078
2024-02-15,"SAP",175.39892578125
2024-02-16,"SAP",174.717468261719
2024-02-20,"SAP",174.411315917969
2024-02-21,"SAP",173.739730834961
2024-02-22,"SAP",179.438232421875
2024-02-23,"SAP",181.936874389648
2024-02-26,"SAP",185.186096191406
2024-02-27,"SAP",186.825531005859
2024-02-28,"SAP",184.356506347656
2024-02-29,"SAP",185.541625976562
2024-03-01,"SAP",186.193450927734
2024-03-04,"SAP",188.455078125
2024-03-05,"SAP",185.13671875
2024-03-06,"SAP",188.316802978516
2024-03-07,"SAP",193.146209716797
2024-03-08,"SAP",190.598190307617
2024-03-11,"SAP",187.477355957031
2024-03-12,"SAP",191.427780151367
2024-03-13,"SAP",190.124130249023
2024-03-14,"SAP",188.089660644531
2024-03-15,"SAP",185.976181030273
2024-03-18,"SAP",184.455276489258
2024-03-19,"SAP",186.371231079102
2024-03-20,"SAP",188.020538330078
2024-03-21,"SAP",192.395629882812
2024-03-22,"SAP",192.928939819336
2024-03-25,"SAP",192.859802246094
2024-03-26,"SAP",194.222702026367
2024-03-27,"SAP",194.647369384766
2024-03-28,"SAP",192.612899780273
2024-04-01,"SAP",193.600509643555
2024-04-02,"SAP",189.738967895508
2024-04-03,"SAP",190.845092773438
2024-04-04,"SAP",188.662475585938
2024-04-05,"SAP",189.442687988281
2024-04-08,"SAP",189.25505065918
2024-04-09,"SAP",185.561386108398
2024-04-10,"SAP",181.936874389648
2024-04-11,"SAP",183.368896484375
2024-04-12,"SAP",178.539505004883
2024-04-15,"SAP",177.996322631836
2024-04-16,"SAP",178.322235107422
2024-04-17,"SAP",177.709915161133
2024-04-18,"SAP",176.426025390625
2024-04-19,"SAP",173.591598510742
2024-04-22,"SAP",175.971725463867
2024-04-23,"SAP",185.679901123047
2024-04-24,"SAP",185.739166259766
2024-04-25,"SAP",182.796081542969
2024-04-26,"SAP",183.872573852539
2024-04-29,"SAP",181.492462158203
2024-04-30,"SAP",178.96418762207
2024-05-01,"SAP",177.838317871094
2024-05-02,"SAP",178.401245117188
2024-05-03,"SAP",181.176406860352
2024-05-06,"SAP",183.11213684082
2024-05-07,"SAP",185.215728759766
2024-05-08,"SAP",187.951400756836
2024-05-09,"SAP",189.610580444336
2024-05-10,"SAP",187.694625854492
2024-05-13,"SAP",187.605743408203
2024-05-14,"SAP",187.34895324707
2024-05-15,"SAP",190.05500793457
2024-05-16,"SAP",190.669998168945
2024-05-17,"SAP",192.800003051758
2024-05-20,"SAP",195.300003051758
2024-05-21,"SAP",194.720001220703
2024-05-22,"SAP",193.910003662109
2024-05-23,"SAP",195.020004272461
2024-05-24,"SAP",195.380004882812
2024-05-28,"SAP",192.520004272461
2024-05-29,"SAP",190.369995117188
2024-05-30,"SAP",180.25
2024-05-31,"SAP",182.440002441406
2024-06-03,"SAP",184.240005493164
2024-06-04,"SAP",184.220001220703
2024-06-05,"SAP",188.75
2024-06-06,"SAP",193.039993286133
2024-06-07,"SAP",191.100006103516
2024-06-10,"SAP",190.240005493164
2024-06-11,"SAP",188.740005493164
2024-06-12,"SAP",197.199996948242
2024-06-13,"SAP",192.419998168945
2024-06-14,"SAP",187.820007324219
2024-06-17,"SAP",190.020004272461
2024-06-18,"SAP",188.619995117188
2024-06-20,"SAP",191.470001220703
2024-06-21,"SAP",194.160003662109
2024-06-24,"SAP",191.690002441406
2024-06-25,"SAP",195.740005493164
2024-06-26,"SAP",198.589996337891
2024-06-27,"SAP",200.75
2024-06-28,"SAP",201.710006713867
2024-07-01,"SAP",199.419998168945
2024-07-02,"SAP",198.580001831055
2024-07-03,"SAP",203.020004272461
2024-07-05,"SAP",205.940002441406
2024-07-08,"SAP",202.789993286133
2024-07-09,"SAP",200.279998779297
2024-07-10,"SAP",202.289993286133
2024-07-11,"SAP",201.729995727539
2024-07-12,"SAP",205.110000610352
2024-07-15,"SAP",203.509994506836
2024-07-16,"SAP",204.869995117188
2024-07-17,"SAP",200.009994506836
2024-07-18,"SAP",197.229995727539
2024-07-19,"SAP",197.210006713867
2024-07-22,"SAP",200.470001220703
2024-07-23,"SAP",214.759994506836
2024-07-24,"SAP",209.399993896484
2024-07-25,"SAP",210.809997558594
2024-07-26,"SAP",213.449996948242
2024-07-29,"SAP",209.199996948242
2024-07-30,"SAP",206.759994506836
2024-07-31,"SAP",211.600006103516
2024-08-01,"SAP",205.559997558594
2024-08-02,"SAP",204.720001220703
2024-08-05,"SAP",199.029998779297
2024-08-06,"SAP",201.729995727539
2024-08-07,"SAP",201.589996337891
2024-08-08,"SAP",206.279998779297
2024-08-09,"SAP",208.529998779297
2024-08-12,"SAP",205.979995727539
2024-08-13,"SAP",211.020004272461
2024-08-14,"SAP",212.550003051758
2024-08-15,"SAP",214.940002441406
2024-08-16,"SAP",216.169998168945
2024-08-19,"SAP",219.039993286133
2024-08-20,"SAP",217.770004272461
2024-08-21,"SAP",218.869995117188
2024-08-22,"SAP",217.25
2024-08-23,"SAP",219.149993896484
2024-08-26,"SAP",215.860000610352
2024-08-27,"SAP",217.830001831055
2024-08-28,"SAP",216.929992675781
2024-08-29,"SAP",218.779998779297
2024-08-30,"SAP",219.710006713867
2024-09-03,"SAP",216.490005493164
2024-09-04,"SAP",215.429992675781
2024-09-05,"SAP",212.600006103516
2024-09-06,"SAP",211.330001831055
2024-09-09,"SAP",213.979995727539
2024-09-10,"SAP",213.919998168945
2024-09-11,"SAP",217.619995117188
2024-09-12,"SAP",221.009994506836
2024-09-13,"SAP",221.279998779297
2024-09-16,"SAP",223.600006103516
2024-09-17,"SAP",222.059997558594
2024-09-18,"SAP",221.880004882812
2024-09-19,"SAP",228.970001220703
2024-09-20,"SAP",228.809997558594
2024-09-23,"SAP",230.440002441406
2024-09-24,"SAP",230.929992675781
2024-09-25,"SAP",223.289993286133
2024-09-26,"SAP",228.110000610352
2024-09-27,"SAP",228
2024-09-30,"SAP",229.100006103516
2024-10-01,"SAP",225.809997558594
2024-10-02,"SAP",224.630004882812
2024-10-03,"SAP",220.470001220703
2024-10-04,"SAP",220.880004882812
2024-10-07,"SAP",218.130004882812
2024-10-08,"SAP",226.630004882812
2024-10-09,"SAP",228.899993896484
2024-10-10,"SAP",224.770004272461
2024-10-11,"SAP",228.149993896484
2024-10-14,"SAP",231.800003051758
2024-10-15,"SAP",229.520004272461
2024-10-16,"SAP",229.440002441406
2024-10-17,"SAP",228.839996337891
2024-10-18,"SAP",230.440002441406
2024-10-21,"SAP",229.479995727539
2024-10-22,"SAP",232.320007324219
2024-10-23,"SAP",234.589996337891
2024-10-24,"SAP",238.300003051758
2024-10-25,"SAP",237.690002441406
2024-10-28,"SAP",240.279998779297
2024-10-29,"SAP",242.309997558594
2024-10-30,"SAP",237.350006103516
2024-10-31,"SAP",233.639999389648
2024-11-01,"SAP",233.110000610352
2024-11-04,"SAP",232.830001831055
2024-11-05,"SAP",235.899993896484
2024-11-06,"SAP",231.300003051758
2024-11-07,"SAP",240.190002441406
2024-11-08,"SAP",237.559997558594
2024-11-11,"SAP",235.860000610352
2024-11-12,"SAP",234.470001220703
2024-11-13,"SAP",230
2024-11-14,"SAP",231.399993896484
2024-11-15,"SAP",228.309997558594
2024-11-18,"SAP",231.300003051758
2024-11-19,"SAP",233.199996948242
2024-11-20,"SAP",235.020004272461
2024-11-21,"SAP",236.029998779297
2024-11-22,"SAP",236.25
2024-11-25,"SAP",233.809997558594
2024-11-26,"SAP",235.059997558594
2024-11-27,"SAP",232.020004272461
2024-11-29,"SAP",237.600006103516
2024-12-02,"SAP",241.589996337891
2024-12-03,"SAP",243.899993896484
2024-12-04,"SAP",253.610000610352
2024-12-05,"SAP",255.539993286133
2024-12-06,"SAP",254.139999389648
2024-12-09,"SAP",252.539993286133
2024-12-10,"SAP",251.330001831055
2024-12-11,"SAP",249.529998779297
2024-12-12,"SAP",253.630004882812
2024-12-13,"SAP",253.300003051758
2024-12-16,"SAP",252.960006713867
2024-12-17,"SAP",250.970001220703
2024-12-18,"SAP",244.449996948242
2024-12-19,"SAP",245.690002441406
2024-12-20,"SAP",247.899993896484
2024-12-23,"SAP",248.860000610352
2024-12-24,"SAP",253.639999389648
2024-12-26,"SAP",253.509994506836
2024-12-27,"SAP",250.149993896484
2024-12-30,"SAP",248.830001831055
2024-12-31,"SAP",246.210006713867
2025-01-02,"SAP",243.119995117188
2025-01-03,"SAP",241.399993896484
2025-01-06,"SAP",247.050003051758
2025-01-07,"SAP",249.509994506836
2025-01-08,"SAP",253.490005493164
2025-01-10,"SAP",251.529998779297
2025-01-13,"SAP",249.529998779297
2025-01-14,"SAP",253.5
2025-01-15,"SAP",261.790008544922
2025-01-16,"SAP",261.579986572266
2025-01-17,"SAP",262.829986572266
2025-01-21,"SAP",269.290008544922
2025-01-22,"SAP",273
2025-01-23,"SAP",275.369995117188
2025-01-24,"SAP",276.290008544922
2025-01-27,"SAP",275.600006103516
2025-01-28,"SAP",273.790008544922
2025-01-29,"SAP",276.829986572266
2025-01-30,"SAP",279.359985351562
2025-01-31,"SAP",276.059997558594
2025-02-03,"SAP",272.559997558594
2025-02-04,"SAP",278.109985351562
2025-02-05,"SAP",283.190002441406
2025-02-06,"SAP",283.230010986328
2025-02-07,"SAP",279.640014648438
2025-02-10,"SAP",280.739990234375
2025-02-11,"SAP",288.869995117188
2025-02-12,"SAP",290.970001220703
2025-02-13,"SAP",293.690002441406
2025-02-14,"SAP",290.690002441406
2025-02-18,"SAP",292.679992675781
2025-02-19,"SAP",288.470001220703
2025-02-20,"SAP",287.920013427734
2025-02-21,"SAP",282.989990234375
2025-02-24,"SAP",284.549987792969
2025-02-25,"SAP",286.940002441406
2025-02-26,"SAP",285.880004882812
2025-02-27,"SAP",274.600006103516
2025-02-28,"SAP",275
2025-03-03,"SAP",280.649993896484
2025-03-04,"SAP",279.049987792969
2025-03-05,"SAP",286.730010986328
2025-03-06,"SAP",279.339996337891
2025-03-07,"SAP",276.799987792969
2025-03-10,"SAP",261.309997558594
2025-03-11,"SAP",260.670013427734
2025-03-12,"SAP",264.119995117188
2025-03-13,"SAP",255.190002441406
2025-03-14,"SAP",263.880004882812
2025-03-17,"SAP",269.549987792969
2025-03-18,"SAP",270.640014648438
2025-03-19,"SAP",271.440002441406
2025-03-20,"SAP",271.690002441406
2025-03-21,"SAP",272.529998779297
2025-03-24,"SAP",275.739990234375
2025-03-25,"SAP",280.230010986328
2025-03-26,"SAP",268
2025-03-27,"SAP",268.149993896484
2025-03-28,"SAP",268
2025-03-31,"SAP",268.440002441406
2025-04-01,"SAP",270.339996337891
2025-04-02,"SAP",271.420013427734
2025-04-03,"SAP",264.339996337891
2025-04-04,"SAP",248.5
2025-04-07,"SAP",241.539993286133
2025-04-08,"SAP",237.529998779297
2025-04-09,"SAP",259.609985351562
2025-04-10,"SAP",258.489990234375
2025-04-11,"SAP",259.149993896484
2025-04-14,"SAP",259.529998779297
2025-04-15,"SAP",261.959991455078
2025-04-16,"SAP",260.480010986328
2025-04-17,"SAP",257.399993896484
2025-04-21,"SAP",250.539993286133
2025-04-22,"SAP",252.399993896484
2025-04-23,"SAP",271.480010986328
2025-04-24,"SAP",273.549987792969
2025-04-25,"SAP",277.950012207031
2025-04-28,"SAP",285.350006103516
2025-04-29,"SAP",292.549987792969
2025-04-30,"SAP",292.190002441406
2020-01-02,"CRM",165.801956176758
2020-01-03,"CRM",164.98779296875
2020-01-06,"CRM",172.21598815918
2020-01-07,"CRM",174.747863769531
2020-01-08,"CRM",176.068374633789
2020-01-09,"CRM",178.322235107422
2020-01-10,"CRM",178.917953491211
2020-01-13,"CRM",182.542007446289
2020-01-14,"CRM",180.824310302734
2020-01-15,"CRM",179.771850585938
2020-01-16,"CRM",181.390258789062
2020-01-17,"CRM",180.933532714844
2020-01-21,"CRM",183.951904296875
2020-01-22,"CRM",181.449813842773
2020-01-23,"CRM",182.671081542969
2020-01-24,"CRM",180.814392089844
2020-01-27,"CRM",179.424362182617
2020-01-28,"CRM",181.549133300781
2020-01-29,"CRM",180.476821899414
2020-01-30,"CRM",184.349044799805
2020-01-31,"CRM",181.012954711914
2020-02-03,"CRM",184.100860595703
2020-02-04,"CRM",187.000061035156
2020-02-05,"CRM",184.170333862305
2020-02-06,"CRM",185.401504516602
2020-02-07,"CRM",184.398696899414
2020-02-10,"CRM",187.774505615234
2020-02-11,"CRM",187.764572143555
2020-02-12,"CRM",188.112091064453
2020-02-13,"CRM",187.297912597656
2020-02-14,"CRM",188.598602294922
2020-02-18,"CRM",189.730499267578
2020-02-19,"CRM",191.497833251953
2020-02-20,"CRM",191.984344482422
2020-02-21,"CRM",188.151809692383
2020-02-24,"CRM",184.617141723633
2020-02-25,"CRM",179.980361938477
2020-02-26,"CRM",177.597442626953
2020-02-27,"CRM",170.925231933594
2020-02-28,"CRM",169.187683105469
2020-03-02,"CRM",175.50244140625
2020-03-03,"CRM",168.165023803711
2020-03-04,"CRM",174.440063476562
2020-03-05,"CRM",168.39338684082
2020-03-06,"CRM",162.912658691406
2020-03-09,"CRM",150.134231567383
2020-03-10,"CRM",160.192138671875
2020-03-11,"CRM",153.470321655273
2020-03-12,"CRM",139.589782714844
2020-03-13,"CRM",146.728607177734
2020-03-16,"CRM",123.415672302246
2020-03-17,"CRM",134.45654296875
2020-03-18,"CRM",131.299194335938
2020-03-19,"CRM",138.467819213867
2020-03-20,"CRM",138.358596801758
2020-03-23,"CRM",139.520294189453
2020-03-24,"CRM",152.546920776367
2020-03-25,"CRM",146.013732910156
2020-03-26,"CRM",153.629180908203
2020-03-27,"CRM",144.961273193359
2020-03-30,"CRM",148.783905029297
2020-03-31,"CRM",142.955657958984
2020-04-01,"CRM",133.106231689453
2020-04-02,"CRM",133.364379882812
2020-04-03,"CRM",133.354446411133
2020-04-06,"CRM",146.500259399414
2020-04-07,"CRM",144.037902832031
2020-04-08,"CRM",150.044845581055
2020-04-09,"CRM",153.450454711914
2020-04-13,"CRM",151.4150390625
2020-04-14,"CRM",156.587997436523
2020-04-15,"CRM",154.52278137207
2020-04-16,"CRM",155.942596435547
2020-04-17,"CRM",161.46305847168
2020-04-20,"CRM",161.602035522461
2020-04-21,"CRM",149.488861083984
2020-04-22,"CRM",153.043365478516
2020-04-23,"CRM",150.640594482422
2020-04-24,"CRM",152.884521484375
2020-04-27,"CRM",156.508575439453
2020-04-28,"CRM",153.361099243164
2020-04-29,"CRM",159.288619995117
2020-04-30,"CRM",160.797790527344
2020-05-01,"CRM",155.257507324219
2020-05-04,"CRM",160.321228027344
2020-05-05,"CRM",162.088562011719
2020-05-06,"CRM",162.505569458008
2020-05-07,"CRM",168.69123840332
2020-05-08,"CRM",174.648559570312
2020-05-11,"CRM",181.370376586914
2020-05-12,"CRM",176.276885986328
2020-05-13,"CRM",168.43310546875
2020-05-14,"CRM",165.811874389648
2020-05-15,"CRM",170.111068725586
2020-05-18,"CRM",171.272750854492
2020-05-19,"CRM",174.787551879883
2020-05-20,"CRM",175.67121887207
2020-05-21,"CRM",174.013107299805
2020-05-22,"CRM",176.584686279297
2020-05-26,"CRM",175.26416015625
2020-05-27,"CRM",175.34358215332
2020-05-28,"CRM",179.811584472656
2020-05-29,"CRM",173.546447753906
2020-06-01,"CRM",175.10530090332
2020-06-02,"CRM",172.990447998047
2020-06-03,"CRM",173.745040893555
2020-06-04,"CRM",170.220306396484
2020-06-05,"CRM",172.642929077148
2020-06-08,"CRM",175.293930053711
2020-06-09,"CRM",173.318099975586
2020-06-10,"CRM",180.804458618164
2020-06-11,"CRM",170.825958251953
2020-06-12,"CRM",173.864196777344
2020-06-15,"CRM",177.339279174805
2020-06-16,"CRM",179.19596862793
2020-06-17,"CRM",180.109420776367
2020-06-18,"CRM",186.324890136719
2020-06-19,"CRM",185.619934082031
2020-06-22,"CRM",190.286499023438
2020-06-23,"CRM",187.714920043945
2020-06-24,"CRM",184.229904174805
2020-06-25,"CRM",187.000061035156
2020-06-26,"CRM",181.866836547852
2020-06-29,"CRM",182.025695800781
2020-06-30,"CRM",185.99723815918
2020-07-01,"CRM",190.524810791016
2020-07-02,"CRM",191.160263061523
2020-07-06,"CRM",196.313323974609
2020-07-07,"CRM",194.982879638672
2020-07-08,"CRM",198.855102539062
2020-07-09,"CRM",199.31184387207
2020-07-10,"CRM",197.465072631836
2020-07-13,"CRM",187.000061035156
2020-07-14,"CRM",188.211395263672
2020-07-15,"CRM",186.751831054688
2020-07-16,"CRM",184.190185546875
2020-07-17,"CRM",186.444046020508
2020-07-20,"CRM",193.702041625977
2020-07-21,"CRM",189.44255065918
2020-07-22,"CRM",189.948944091797
2020-07-23,"CRM",187.198623657227
2020-07-24,"CRM",187.148986816406
2020-07-27,"CRM",189.601440429688
2020-07-28,"CRM",188.151809692383
2020-07-29,"CRM",192.232559204102
2020-07-30,"CRM",190.336166381836
2020-07-31,"CRM",193.463760375977
2020-08-03,"CRM",201.744415283203
2020-08-04,"CRM",199.977066040039
2020-08-05,"CRM",201.198303222656
2020-08-06,"CRM",206.31169128418
2020-08-07,"CRM",199.619644165039
2020-08-10,"CRM",195.75732421875
2020-08-11,"CRM",190.624084472656
2020-08-12,"CRM",191.249603271484
2020-08-13,"CRM",193.751663208008
2020-08-14,"CRM",192.083648681641
2020-08-17,"CRM",195.340301513672
2020-08-18,"CRM",202.558563232422
2020-08-19,"CRM",203.650756835938
2020-08-20,"CRM",208.019454956055
2020-08-21,"CRM",206.053527832031
2020-08-24,"CRM",206.976928710938
2020-08-25,"CRM",214.512908935547
2020-08-26,"CRM",270.382598876953
2020-08-27,"CRM",274.354156494141
2020-08-28,"CRM",269.171264648438
2020-08-31,"CRM",270.710235595703
2020-09-01,"CRM",279.249053955078
2020-09-02,"CRM",274.721496582031
2020-09-03,"CRM",263.124603271484
2020-09-04,"CRM",252.887939453125
2020-09-08,"CRM",239.553497314453
2020-09-09,"CRM",248.648315429688
2020-09-10,"CRM",246.037033081055
2020-09-11,"CRM",241.370483398438
2020-09-14,"CRM",244.885284423828
2020-09-15,"CRM",249.889419555664
2020-09-16,"CRM",248.817108154297
2020-09-17,"CRM",242.790283203125
2020-09-18,"CRM",241.052734375
2020-09-21,"CRM",243.306594848633
2020-09-22,"CRM",246.017181396484
2020-09-23,"CRM",234.311050415039
2020-09-24,"CRM",235.859954833984
2020-09-25,"CRM",241.01301574707
2020-09-28,"CRM",244.915069580078
2020-09-29,"CRM",245.689514160156
2020-09-30,"CRM",249.531982421875
2020-10-01,"CRM",251.646820068359
2020-10-02,"CRM",246.086685180664
2020-10-05,"CRM",249.740493774414
2020-10-06,"CRM",248.360366821289
2020-10-07,"CRM",258.13037109375
2020-10-08,"CRM",258.36865234375
2020-10-09,"CRM",264.087677001953
2020-10-12,"CRM",265.169952392578
2020-10-13,"CRM",264.931640625
2020-10-14,"CRM",259.967224121094
2020-10-15,"CRM",255.886444091797
2020-10-16,"CRM",256.710510253906
2020-10-19,"CRM",253.195724487305
2020-10-20,"CRM",254.148910522461
2020-10-21,"CRM",252.421279907227
2020-10-22,"CRM",247.89372253418
2020-10-23,"CRM",248.737670898438
2020-10-26,"CRM",240.258438110352
2020-10-27,"CRM",248.519256591797
2020-10-28,"CRM",236.733688354492
2020-10-29,"CRM",235.452865600586
2020-10-30,"CRM",230.617523193359
2020-11-02,"CRM",230.796234130859
2020-11-03,"CRM",235.442932128906
2020-11-04,"CRM",248.956130981445
2020-11-05,"CRM",258.36865234375
2020-11-06,"CRM",258.299194335938
2020-11-09,"CRM",257.435333251953
2020-11-10,"CRM",245.898025512695
2020-11-11,"CRM",252.371627807617
2020-11-12,"CRM",247.645523071289
2020-11-13,"CRM",247.73486328125
2020-11-16,"CRM",248.112167358398
2020-11-17,"CRM",254.347518920898
2020-11-18,"CRM",255.330429077148
2020-11-19,"CRM",262.767150878906
2020-11-20,"CRM",256.204162597656
2020-11-23,"CRM",255.807052612305
2020-11-24,"CRM",258.984222412109
2020-11-25,"CRM",245.064010620117
2020-11-27,"CRM",245.868255615234
2020-11-30,"CRM",244.05126953125
2020-12-01,"CRM",239.632934570312
2020-12-02,"CRM",219.209274291992
2020-12-03,"CRM",219.397918701172
2020-12-04,"CRM",224.253128051758
2020-12-07,"CRM",226.080032348633
2020-12-08,"CRM",226.238906860352
2020-12-09,"CRM",219.000762939453
2020-12-10,"CRM",221.334045410156
2020-12-11,"CRM",220.837600708008
2020-12-14,"CRM",219.695785522461
2020-12-15,"CRM",218.583755493164
2020-12-16,"CRM",222.029067993164
2020-12-17,"CRM",224.312698364258
2020-12-18,"CRM",225.811935424805
2020-12-21,"CRM",224.858779907227
2020-12-22,"CRM",229.525344848633
2020-12-23,"CRM",225.811935424805
2020-12-24,"CRM",224.173690795898
2020-12-28,"CRM",223.041809082031
2020-12-29,"CRM",220.877319335938
2020-12-30,"CRM",220.817733764648
2020-12-31,"CRM",220.946823120117
2021-01-04,"CRM",218.742599487305
2021-01-05,"CRM",219.944000244141
2021-01-06,"CRM",214.612197875977
2021-01-07,"CRM",216.429183959961
2021-01-08,"CRM",220.460296630859
2021-01-11,"CRM",216.697265625
2021-01-12,"CRM",213.986694335938
2021-01-13,"CRM",216.627746582031
2021-01-14,"CRM",214.066116333008
2021-01-15,"CRM",211.623626708984
2021-01-19,"CRM",215.217849731445
2021-01-20,"CRM",221.850341796875
2021-01-21,"CRM",220.589370727539
2021-01-22,"CRM",224.163772583008
2021-01-25,"CRM",224.312698364258
2021-01-26,"CRM",224.650268554688
2021-01-27,"CRM",223.180801391602
2021-01-28,"CRM",224.888580322266
2021-01-29,"CRM",223.955276489258
2021-02-01,"CRM",226.834625244141
2021-02-02,"CRM",232.533782958984
2021-02-03,"CRM",233.149398803711
2021-02-04,"CRM",236.286880493164
2021-02-05,"CRM",237.1904296875
2021-02-08,"CRM",237.230133056641
2021-02-09,"CRM",235.016006469727
2021-02-10,"CRM",235.035858154297
2021-02-11,"CRM",239.523727416992
2021-02-12,"CRM",238.659896850586
2021-02-16,"CRM",246.821395874023
2021-02-17,"CRM",245.898025512695
2021-02-18,"CRM",245.252639770508
2021-02-19,"CRM",244.805862426758
2021-02-22,"CRM",239.235748291016
2021-02-23,"CRM",233.963531494141
2021-02-24,"CRM",238.759170532227
2021-02-25,"CRM",229.435974121094
2021-02-26,"CRM",214.959716796875
2021-03-01,"CRM",215.992309570312
2021-03-02,"CRM",211.951263427734
2021-03-03,"CRM",204.534423828125
2021-03-04,"CRM",203.869186401367
2021-03-05,"CRM",209.260559082031
2021-03-08,"CRM",206.2421875
2021-03-09,"CRM",210.02507019043
2021-03-10,"CRM",210.452041625977
2021-03-11,"CRM",214.413635253906
2021-03-12,"CRM",210.700225830078
2021-03-15,"CRM",211.286026000977
2021-03-16,"CRM",212.954071044922
2021-03-17,"CRM",211.603759765625
2021-03-18,"CRM",207.989654541016
2021-03-19,"CRM",210.690292358398
2021-03-22,"CRM",213.639175415039
2021-03-23,"CRM",213.47038269043
2021-03-24,"CRM",208.039306640625
2021-03-25,"CRM",203.978408813477
2021-03-26,"CRM",207.602432250977
2021-03-29,"CRM",209.270492553711
2021-03-30,"CRM",208.505950927734
2021-03-31,"CRM",210.362640380859
2021-04-01,"CRM",217.163925170898
2021-04-05,"CRM",218.722732543945
2021-04-06,"CRM",219.517059326172
2021-04-07,"CRM",219.219192504883
2021-04-08,"CRM",222.853149414062
2021-04-09,"CRM",229.634567260742
2021-04-12,"CRM",227.132507324219
2021-04-13,"CRM",230.349456787109
2021-04-14,"CRM",226.397766113281
2021-04-15,"CRM",231.342315673828
2021-04-16,"CRM",230.26008605957
2021-04-19,"CRM",228.860107421875
2021-04-20,"CRM",226.338195800781
2021-04-21,"CRM",228.919692993164
2021-04-22,"CRM",229.704071044922
2021-04-23,"CRM",231.848678588867
2021-04-26,"CRM",233.78483581543
2021-04-27,"CRM",232.543701171875
2021-04-28,"CRM",235.194732666016
2021-04-29,"CRM",232.692657470703
2021-04-30,"CRM",228.681396484375
2021-05-03,"CRM",222.168075561523
2021-05-04,"CRM",215.634857177734
2021-05-05,"CRM",213.867538452148
2021-05-06,"CRM",216.498687744141
2021-05-07,"CRM",214.959716796875
2021-05-10,"CRM",212.368270874023
2021-05-11,"CRM",214.026397705078
2021-05-12,"CRM",209.042098999023
2021-05-13,"CRM",210.352722167969
2021-05-14,"CRM",216.111465454102
2021-05-17,"CRM",213.52995300293
2021-05-18,"CRM",212.805145263672
2021-05-19,"CRM",219.765258789062
2021-05-20,"CRM",222.187942504883
2021-05-21,"CRM",220.996459960938
2021-05-24,"CRM",225.375091552734
2021-05-25,"CRM",226.089981079102
2021-05-26,"CRM",228.045928955078
2021-05-27,"CRM",224.223342895508
2021-05-28,"CRM",236.406036376953
2021-06-01,"CRM",234.519561767578
2021-06-02,"CRM",232.950805664062
2021-06-03,"CRM",229.197708129883
2021-06-04,"CRM",235.790451049805
2021-06-07,"CRM",236.445739746094
2021-06-08,"CRM",234.737991333008
2021-06-09,"CRM",234.410354614258
2021-06-10,"CRM",238.481170654297
2021-06-11,"CRM",238.600326538086
2021-06-14,"CRM",244.50798034668
2021-06-15,"CRM",240.85417175293
2021-06-16,"CRM",240.665512084961
2021-06-17,"CRM",242.691024780273
2021-06-18,"CRM",241.052734375
2021-06-21,"CRM",242.740646362305
2021-06-22,"CRM",241.380401611328
2021-06-23,"CRM",240.119430541992
2021-06-24,"CRM",242.035705566406
2021-06-25,"CRM",240.149215698242
2021-06-28,"CRM",242.830017089844
2021-06-29,"CRM",244.061187744141
2021-06-30,"CRM",242.532150268555
2021-07-01,"CRM",243.237106323242
2021-07-02,"CRM",246.434173583984
2021-07-06,"CRM",248.469604492188
2021-07-07,"CRM",246.672485351562
2021-07-08,"CRM",244.05126953125
2021-07-09,"CRM",243.316513061523
2021-07-12,"CRM",241.181838989258
2021-07-13,"CRM",242.283935546875
2021-07-14,"CRM",240.705230712891
2021-07-15,"CRM",235.889739990234
2021-07-16,"CRM",236.733688354492
2021-07-19,"CRM",235.859954833984
2021-07-20,"CRM",238.401748657227
2021-07-21,"CRM",240.387496948242
2021-07-22,"CRM",246.513626098633
2021-07-23,"CRM",246.483840942383
2021-07-26,"CRM",245.838455200195
2021-07-27,"CRM",241.777542114258
2021-07-28,"CRM",242.224365234375
2021-07-29,"CRM",242.303787231445
2021-07-30,"CRM",240.208801269531
2021-08-02,"CRM",239.146408081055
2021-08-03,"CRM",239.414489746094
2021-08-04,"CRM",242.432861328125
2021-08-05,"CRM",248.777389526367
2021-08-06,"CRM",248.807174682617
2021-08-09,"CRM",247.54621887207
2021-08-10,"CRM",241.658386230469
2021-08-11,"CRM",240.55632019043
2021-08-12,"CRM",246.622817993164
2021-08-13,"CRM",249.770278930664
2021-08-16,"CRM",247.427047729492
2021-08-17,"CRM",245.232788085938
2021-08-18,"CRM",249.432708740234
2021-08-19,"CRM",251.26953125
2021-08-20,"CRM",254.30778503418
2021-08-23,"CRM",258.666534423828
2021-08-24,"CRM",257.812683105469
2021-08-25,"CRM",258.994201660156
2021-08-26,"CRM",265.884796142578
2021-08-27,"CRM",264.633819580078
2021-08-30,"CRM",263.084899902344
2021-08-31,"CRM",263.382720947266
2021-09-01,"CRM",266.411071777344
2021-09-02,"CRM",262.270721435547
2021-09-03,"CRM",265.179840087891
2021-09-07,"CRM",263.323181152344
2021-09-08,"CRM",260.751586914062
2021-09-09,"CRM",258.884948730469
2021-09-10,"CRM",255.370147705078
2021-09-13,"CRM",252.302139282227
2021-09-14,"CRM",252.560302734375
2021-09-15,"CRM",254.337585449219
2021-09-16,"CRM",258.507659912109
2021-09-17,"CRM",258.676483154297
2021-09-20,"CRM",256.382904052734
2021-09-21,"CRM",256.134674072266
2021-09-22,"CRM",257.326141357422
2021-09-23,"CRM",275.883148193359
2021-09-24,"CRM",283.597900390625
2021-09-27,"CRM",277.690246582031
2021-09-28,"CRM",270.342834472656
2021-09-29,"CRM",268.575561523438
2021-09-30,"CRM",269.290435791016
2021-10-01,"CRM",273.301696777344
2021-10-04,"CRM",268.932952880859
2021-10-05,"CRM",269.836486816406
2021-10-06,"CRM",273.311553955078
2021-10-07,"CRM",272.626525878906
2021-10-08,"CRM",270.541473388672
2021-10-11,"CRM",271.802398681641
2021-10-12,"CRM",277.015045166016
2021-10-13,"CRM",282.386566162109
2021-10-14,"CRM",287.956634521484
2021-10-15,"CRM",289.585021972656
2021-10-18,"CRM",289.624725341797
2021-10-19,"CRM",290.260131835938
2021-10-20,"CRM",288.026184082031
2021-10-21,"CRM",287.748168945312
2021-10-22,"CRM",290.478576660156
2021-10-25,"CRM",291.828948974609
2021-10-26,"CRM",293.010437011719
2021-10-27,"CRM",293.050109863281
2021-10-28,"CRM",296.257171630859
2021-10-29,"CRM",297.557830810547
2021-11-01,"CRM",300.606018066406
2021-11-02,"CRM",300.794677734375
2021-11-03,"CRM",300.735107421875
2021-11-04,"CRM",305.848449707031
2021-11-05,"CRM",305.064056396484
2021-11-08,"CRM",307.754791259766
2021-11-09,"CRM",307.506591796875
2021-11-10,"CRM",297.537994384766
2021-11-11,"CRM",300.824493408203
2021-11-12,"CRM",304.468383789062
2021-11-15,"CRM",303.316589355469
2021-11-16,"CRM",304.905212402344
2021-11-17,"CRM",305.828582763672
2021-11-18,"CRM",300.834381103516
2021-11-19,"CRM",299.027313232422
2021-11-22,"CRM",294.728118896484
2021-11-23,"CRM",289.346710205078
2021-11-24,"CRM",287.112701416016
2021-11-26,"CRM",282.188018798828
2021-11-29,"CRM",294.628845214844
2021-11-30,"CRM",282.9326171875
2021-12-01,"CRM",249.710723876953
2021-12-02,"CRM",259.341735839844
2021-12-03,"CRM",256.482208251953
2021-12-06,"CRM",256.909118652344
2021-12-07,"CRM",265.090484619141
2021-12-08,"CRM",264.415344238281
2021-12-09,"CRM",262.439514160156
2021-12-10,"CRM",264.137298583984
2021-12-13,"CRM",263.869232177734
2021-12-14,"CRM",253.771606445312
2021-12-15,"CRM",258.18994140625
2021-12-16,"CRM",251.319183349609
2021-12-17,"CRM",251.130523681641
2021-12-20,"CRM",245.451232910156
2021-12-21,"CRM",250.75325012207
2021-12-22,"CRM",251.001449584961
2021-12-23,"CRM",251.33903503418
2021-12-27,"CRM",256.462310791016
2021-12-28,"CRM",253.632598876953
2021-12-29,"CRM",252.729064941406
2021-12-30,"CRM",253.513458251953
2021-12-31,"CRM",252.322006225586
2022-01-03,"CRM",253.642547607422
2022-01-04,"CRM",246.463973999023
2022-01-05,"CRM",226.050247192383
2022-01-06,"CRM",227.519729614258
2022-01-07,"CRM",226.685699462891
2022-01-10,"CRM",227.996322631836
2022-01-11,"CRM",233.169250488281
2022-01-12,"CRM",236.137969970703
2022-01-13,"CRM",227.00341796875
2022-01-14,"CRM",229.584930419922
2022-01-18,"CRM",224.451690673828
2022-01-19,"CRM",224.660217285156
2022-01-20,"CRM",221.353897094727
2022-01-21,"CRM",217.074569702148
2022-01-24,"CRM",221.443267822266
2022-01-25,"CRM",213.857620239258
2022-01-26,"CRM",209.498840332031
2022-01-27,"CRM",211.226470947266
2022-01-28,"CRM",220.549652099609
2022-01-31,"CRM",230.974975585938
2022-02-01,"CRM",230.46858215332
2022-02-02,"CRM",223.409149169922
2022-02-03,"CRM",211.256256103516
2022-02-04,"CRM",217.670288085938
2022-02-07,"CRM",215.426376342773
2022-02-08,"CRM",215.883087158203
2022-02-09,"CRM",220.460296630859
2022-02-10,"CRM",216.121383666992
2022-02-11,"CRM",206.420883178711
2022-02-14,"CRM",204.931564331055
2022-02-15,"CRM",212.725723266602
2022-02-16,"CRM",210.233581542969
2022-02-17,"CRM",198.606887817383
2022-02-18,"CRM",195.439575195312
2022-02-22,"CRM",193.741760253906
2022-02-23,"CRM",189.18440246582
2022-02-24,"CRM",202.836578369141
2022-02-25,"CRM",206.60954284668
2022-02-28,"CRM",209.032180786133
2022-03-01,"CRM",207.403854370117
2022-03-02,"CRM",208.893173217773
2022-03-03,"CRM",203.293319702148
2022-03-04,"CRM",201.565689086914
2022-03-07,"CRM",194.833923339844
2022-03-08,"CRM",190.713439941406
2022-03-09,"CRM",201.714645385742
2022-03-10,"CRM",198.726043701172
2022-03-11,"CRM",196.492034912109
2022-03-14,"CRM",191.746047973633
2022-03-15,"CRM",194.744552612305
2022-03-16,"CRM",204.107482910156
2022-03-17,"CRM",208.913040161133
2022-03-18,"CRM",217.243362426758
2022-03-21,"CRM",212.199508666992
2022-03-22,"CRM",216.65754699707
2022-03-23,"CRM",209.608062744141
2022-03-24,"CRM",212.457626342773
2022-03-25,"CRM",209.528625488281
2022-03-28,"CRM",213.748397827148
2022-03-29,"CRM",219.71565246582
2022-03-30,"CRM",213.41081237793
2022-03-31,"CRM",210.809463500977
2022-04-01,"CRM",210.739944458008
2022-04-04,"CRM",217.292984008789
2022-04-05,"CRM",208.644958496094
2022-04-06,"CRM",199.39128112793
2022-04-07,"CRM",198.735977172852
2022-04-08,"CRM",195.767242431641
2022-04-11,"CRM",194.059478759766
2022-04-12,"CRM",193.424026489258
2022-04-13,"CRM",194.327560424805
2022-04-14,"CRM",188.062438964844
2022-04-18,"CRM",185.679504394531
2022-04-19,"CRM",190.028366088867
2022-04-20,"CRM",184.905059814453
2022-04-21,"CRM",175.969100952148
2022-04-22,"CRM",170.210372924805
2022-04-25,"CRM",173.328033447266
2022-04-26,"CRM",168.869979858398
2022-04-27,"CRM",173.437240600586
2022-04-28,"CRM",184.418563842773
2022-04-29,"CRM",174.688278198242
2022-05-02,"CRM",176.306701660156
2022-05-03,"CRM",177.091064453125
2022-05-04,"CRM",184.160385131836
2022-05-05,"CRM",171.074172973633
2022-05-06,"CRM",168.49267578125
2022-05-09,"CRM",162.436080932617
2022-05-10,"CRM",165.960815429688
2022-05-11,"CRM",160.122650146484
2022-05-12,"CRM",159.278701782227
2022-05-13,"CRM",165.722534179688
2022-05-16,"CRM",162.952362060547
2022-05-17,"CRM",162.565139770508
2022-05-18,"CRM",156.210678100586
2022-05-19,"CRM",154.492980957031
2022-05-20,"CRM",158.51416015625
2022-05-23,"CRM",159.179412841797
2022-05-24,"CRM",155.813522338867
2022-05-25,"CRM",158.51416015625
2022-05-26,"CRM",161.304183959961
2022-05-27,"CRM",163.925415039062
2022-05-31,"CRM",159.099975585938
2022-06-01,"CRM",174.817352294922
2022-06-02,"CRM",187.059631347656
2022-06-03,"CRM",183.594451904297
2022-06-06,"CRM",181.568969726562
2022-06-07,"CRM",185.81852722168
2022-06-08,"CRM",187.844009399414
2022-06-09,"CRM",185.778823852539
2022-06-10,"CRM",177.180419921875
2022-06-13,"CRM",164.848785400391
2022-06-14,"CRM",163.280014038086
2022-06-15,"CRM",167.350845336914
2022-06-16,"CRM",158.712738037109
2022-06-17,"CRM",162.098480224609
2022-06-21,"CRM",165.643112182617
2022-06-22,"CRM",166.258666992188
2022-06-23,"CRM",171.81884765625
2022-06-24,"CRM",184.597274780273
2022-06-27,"CRM",180.020080566406
2022-06-28,"CRM",170.240142822266
2022-06-29,"CRM",169.396209716797
2022-06-30,"CRM",163.865829467773
2022-07-01,"CRM",167.003341674805
2022-07-05,"CRM",170.974884033203
2022-07-06,"CRM",171.501098632812
2022-07-07,"CRM",175.383285522461
2022-07-08,"CRM",174.251403808594
2022-07-11,"CRM",173.119522094727
2022-07-12,"CRM",165.14665222168
2022-07-13,"CRM",162.326873779297
2022-07-14,"CRM",159.894287109375
2022-07-15,"CRM",166.189178466797
2022-07-18,"CRM",166.695556640625
2022-07-19,"CRM",172.573425292969
2022-07-20,"CRM",181.151962280273
2022-07-21,"CRM",184.031341552734
2022-07-22,"CRM",181.171829223633
2022-07-25,"CRM",176.028656005859
2022-07-26,"CRM",169.247283935547
2022-07-27,"CRM",179.01725769043
2022-07-28,"CRM",180.000228881836
2022-07-29,"CRM",182.710800170898
2022-08-01,"CRM",181.678192138672
2022-08-02,"CRM",182.482421875
2022-08-03,"CRM",188.300735473633
2022-08-04,"CRM",189.909225463867
2022-08-05,"CRM",188.817031860352
2022-08-08,"CRM",188.400009155273
2022-08-09,"CRM",180.943466186523
2022-08-10,"CRM",187.268127441406
2022-08-11,"CRM",185.401504516602
2022-08-12,"CRM",188.539031982422
2022-08-15,"CRM",189.700698852539
2022-08-16,"CRM",188.241180419922
2022-08-17,"CRM",186.622772216797
2022-08-18,"CRM",186.592956542969
2022-08-19,"CRM",182.46257019043
2022-08-22,"CRM",175.72087097168
2022-08-23,"CRM",174.747863769531
2022-08-24,"CRM",178.72932434082
2022-08-25,"CRM",172.672729492188
2022-08-26,"CRM",164.054473876953
2022-08-29,"CRM",159.070190429688
2022-08-30,"CRM",158.534027099609
2022-08-31,"CRM",155.00927734375
2022-09-01,"CRM",152.437713623047
2022-09-02,"CRM",152.596572875977
2022-09-06,"CRM",150.640594482422
2022-09-07,"CRM",152.189483642578
2022-09-08,"CRM",155.783737182617
2022-09-09,"CRM",161.433258056641
2022-09-12,"CRM",164.451629638672
2022-09-13,"CRM",156.975219726562
2022-09-14,"CRM",159.139678955078
2022-09-15,"CRM",153.678833007812
2022-09-16,"CRM",150.432083129883
2022-09-19,"CRM",151.742691040039
2022-09-20,"CRM",148.734268188477
2022-09-21,"CRM",146.579711914062
2022-09-22,"CRM",149.081756591797
2022-09-23,"CRM",145.964096069336
2022-09-26,"CRM",145.279006958008
2022-09-27,"CRM",147.83073425293
2022-09-28,"CRM",149.101623535156
2022-09-29,"CRM",145.765518188477
2022-09-30,"CRM",142.816650390625
2022-10-03,"CRM",146.847763061523
2022-10-04,"CRM",154.622055053711
2022-10-05,"CRM",155.118515014648
2022-10-06,"CRM",154.353988647461
2022-10-07,"CRM",149.220748901367
2022-10-10,"CRM",144.603851318359
2022-10-11,"CRM",141.555694580078
2022-10-12,"CRM",141.277694702148
2022-10-13,"CRM",144.4052734375
2022-10-14,"CRM",141.20817565918
2022-10-17,"CRM",146.132873535156
2022-10-18,"CRM",152.437713623047
2022-10-19,"CRM",152.576705932617
2022-10-20,"CRM",156.379470825195
2022-10-21,"CRM",159.030487060547
2022-10-24,"CRM",159.507049560547
2022-10-25,"CRM",164.094192504883
2022-10-26,"CRM",158.772323608398
2022-10-27,"CRM",158.613464355469
2022-10-28,"CRM",161.860229492188
2022-10-31,"CRM",161.433258056641
2022-11-01,"CRM",158.682983398438
2022-11-02,"CRM",148.942749023438
2022-11-03,"CRM",145.288940429688
2022-11-04,"CRM",138.775619506836
2022-11-07,"CRM",143.561309814453
2022-11-08,"CRM",146.053466796875
2022-11-09,"CRM",141.049301147461
2022-11-10,"CRM",155.188003540039
2022-11-11,"CRM",156.607833862305
2022-11-14,"CRM",157.531219482422
2022-11-15,"CRM",160.916946411133
2022-11-16,"CRM",154.016403198242
2022-11-17,"CRM",148.625045776367
2022-11-18,"CRM",146.986770629883
2022-11-21,"CRM",143.819473266602
2022-11-22,"CRM",148.188171386719
2022-11-23,"CRM",151.15690612793
2022-11-25,"CRM",152.259002685547
2022-11-28,"CRM",152.596572875977
2022-11-29,"CRM",150.600860595703
2022-11-30,"CRM",159.109893798828
2022-12-01,"CRM",145.954177856445
2022-12-02,"CRM",143.531524658203
2022-12-05,"CRM",132.977142333984
2022-12-06,"CRM",132.321838378906
2022-12-07,"CRM",129.551696777344
2022-12-08,"CRM",129.204193115234
2022-12-09,"CRM",130.177230834961
2022-12-12,"CRM",132.162994384766
2022-12-13,"CRM",134.655136108398
2022-12-14,"CRM",133.791320800781
2022-12-15,"CRM",129.511993408203
2022-12-16,"CRM",127.357421875
2022-12-19,"CRM",128.092147827148
2022-12-20,"CRM",127.536148071289
2022-12-21,"CRM",129.372985839844
2022-12-22,"CRM",128.270889282227
2022-12-23,"CRM",128.519119262695
2022-12-27,"CRM",129.730438232422
2022-12-28,"CRM",127.556007385254
2022-12-29,"CRM",131.597030639648
2022-12-30,"CRM",131.646682739258
2023-01-03,"CRM",133.821105957031
2023-01-04,"CRM",138.596878051758
2023-01-05,"CRM",135.370010375977
2023-01-06,"CRM",139.510345458984
2023-01-09,"CRM",146.053466796875
2023-01-10,"CRM",146.391036987305
2023-01-11,"CRM",143.869094848633
2023-01-12,"CRM",148.535659790039
2023-01-13,"CRM",148.446304321289
2023-01-17,"CRM",147.413711547852
2023-01-18,"CRM",144.415191650391
2023-01-19,"CRM",145.368377685547
2023-01-20,"CRM",150.173950195312
2023-01-23,"CRM",154.76106262207
2023-01-24,"CRM",153.758224487305
2023-01-25,"CRM",155.058929443359
2023-01-26,"CRM",163.915481567383
2023-01-27,"CRM",163.349517822266
2023-01-30,"CRM",163.577896118164
2023-01-31,"CRM",166.774993896484
2023-02-01,"CRM",170.597625732422
2023-02-02,"CRM",173.397537231445
2023-02-03,"CRM",169.823135375977
2023-02-06,"CRM",167.847305297852
2023-02-07,"CRM",170.061431884766
2023-02-08,"CRM",168.42317199707
2023-02-09,"CRM",172.424514770508
2023-02-10,"CRM",165.841674804688
2023-02-13,"CRM",169.862854003906
2023-02-14,"CRM",168.750839233398
2023-02-15,"CRM",169.882720947266
2023-02-16,"CRM",166.913986206055
2023-02-17,"CRM",163.994903564453
2023-02-21,"CRM",160.470153808594
2023-02-22,"CRM",162.197799682617
2023-02-23,"CRM",162.952362060547
2023-02-24,"CRM",161.046035766602
2023-02-27,"CRM",161.97932434082
2023-02-28,"CRM",162.445999145508
2023-03-01,"CRM",166.159378051758
2023-03-02,"CRM",185.262512207031
2023-03-03,"CRM",185.103637695312
2023-03-06,"CRM",182.49235534668
2023-03-07,"CRM",182.015777587891
2023-03-08,"CRM",181.648391723633
2023-03-09,"CRM",177.448501586914
2023-03-10,"CRM",171.947906494141
2023-03-13,"CRM",174.261322021484
2023-03-14,"CRM",181.588851928711
2023-03-15,"CRM",181.608703613281
2023-03-16,"CRM",185.96745300293
2023-03-17,"CRM",183.534896850586
2023-03-20,"CRM",183.932037353516
2023-03-21,"CRM",187.337615966797
2023-03-22,"CRM",185.183074951172
2023-03-23,"CRM",186.106460571289
2023-03-24,"CRM",188.707824707031
2023-03-27,"CRM",189.899276733398
2023-03-28,"CRM",190.931884765625
2023-03-29,"CRM",195.241012573242
2023-03-30,"CRM",195.201293945312
2023-03-31,"CRM",198.358657836914
2023-04-03,"CRM",195.092086791992
2023-04-04,"CRM",195.797027587891
2023-04-05,"CRM",193.920471191406
2023-04-06,"CRM",191.180099487305
2023-04-10,"CRM",190.127639770508
2023-04-11,"CRM",187.546173095703
2023-04-12,"CRM",188.965972900391
2023-04-13,"CRM",192.6396484375
2023-04-14,"CRM",193.265167236328
2023-04-17,"CRM",195.677886962891
2023-04-18,"CRM",197.087768554688
2023-04-19,"CRM",197.504791259766
2023-04-20,"CRM",196.104827880859
2023-04-21,"CRM",197.614013671875
2023-04-24,"CRM",193.533233642578
2023-04-25,"CRM",189.3134765625
2023-04-26,"CRM",190.157424926758
2023-04-27,"CRM",194.546005249023
2023-04-28,"CRM",196.958709716797
2023-05-01,"CRM",196.382827758789
2023-05-02,"CRM",192.4609375
2023-05-03,"CRM",191.239669799805
2023-05-04,"CRM",191.011322021484
2023-05-05,"CRM",196.18424987793
2023-05-08,"CRM",196.492034912109
2023-05-09,"CRM",199.74870300293
2023-05-10,"CRM",203.392608642578
2023-05-11,"CRM",202.022415161133
2023-05-12,"CRM",200.374206542969
2023-05-15,"CRM",201.883407592773
2023-05-16,"CRM",203.104675292969
2023-05-17,"CRM",207.890365600586
2023-05-18,"CRM",211.802337646484
2023-05-19,"CRM",208.863388061523
2023-05-22,"CRM",208.764099121094
2023-05-23,"CRM",205.169876098633
2023-05-24,"CRM",207.572647094727
2023-05-25,"CRM",208.416610717773
2023-05-26,"CRM",213.907272338867
2023-05-30,"CRM",217.312835693359
2023-05-31,"CRM",221.790786743164
2023-06-01,"CRM",211.385330200195
2023-06-02,"CRM",211.514404296875
2023-06-05,"CRM",208.366958618164
2023-06-06,"CRM",211.335678100586
2023-06-07,"CRM",204.266326904297
2023-06-08,"CRM",208.039306640625
2023-06-09,"CRM",213.778182983398
2023-06-12,"CRM",212.169723510742
2023-06-13,"CRM",207.493209838867
2023-06-14,"CRM",207.910217285156
2023-06-15,"CRM",210.412307739258
2023-06-16,"CRM",210.253433227539
2023-06-20,"CRM",215.426376342773
2023-06-21,"CRM",208.098892211914
2023-06-22,"CRM",211.772552490234
2023-06-23,"CRM",208.595336914062
2023-06-26,"CRM",205.884750366211
2023-06-27,"CRM",207.334381103516
2023-06-28,"CRM",210.660522460938
2023-06-29,"CRM",208.932891845703
2023-06-30,"CRM",209.75700378418
2023-07-03,"CRM",210.144226074219
2023-07-05,"CRM",212.298797607422
2023-07-06,"CRM",208.644958496094
2023-07-07,"CRM",208.098892211914
2023-07-10,"CRM",211.295944213867
2023-07-11,"CRM",219.596496582031
2023-07-12,"CRM",225.663024902344
2023-07-13,"CRM",228.731033325195
2023-07-14,"CRM",227.698425292969
2023-07-17,"CRM",226.377883911133
2023-07-18,"CRM",226.010543823242
2023-07-19,"CRM",232.702590942383
2023-07-20,"CRM",226.536758422852
2023-07-21,"CRM",226.437469482422
2023-07-24,"CRM",224.054534912109
2023-07-25,"CRM",224.421920776367
2023-07-26,"CRM",223.975112915039
2023-07-27,"CRM",223.54817199707
2023-07-28,"CRM",223.994964599609
2023-07-31,"CRM",223.409149169922
2023-08-01,"CRM",222.674423217773
2023-08-02,"CRM",218.931259155273
2023-08-03,"CRM",214.026397705078
2023-08-04,"CRM",213.063293457031
2023-08-07,"CRM",214.522842407227
2023-08-08,"CRM",210.074722290039
2023-08-09,"CRM",204.395416259766
2023-08-10,"CRM",206.768402099609
2023-08-11,"CRM",207.215209960938
2023-08-14,"CRM",210.551300048828
2023-08-15,"CRM",207.294647216797
2023-08-16,"CRM",205.517379760742
2023-08-17,"CRM",202.389785766602
2023-08-18,"CRM",203.372756958008
2023-08-21,"CRM",207.542861938477
2023-08-22,"CRM",205.289001464844
2023-08-23,"CRM",207.642150878906
2023-08-24,"CRM",204.047912597656
2023-08-25,"CRM",207.979736328125
2023-08-28,"CRM",210.213729858398
2023-08-29,"CRM",210.452041625977
2023-08-30,"CRM",213.510101318359
2023-08-31,"CRM",219.884414672852
2023-09-01,"CRM",219.953918457031
2023-09-05,"CRM",217.134140014648
2023-09-06,"CRM",220.04328918457
2023-09-07,"CRM",220.946823120117
2023-09-08,"CRM",223.160949707031
2023-09-11,"CRM",223.70703125
2023-09-12,"CRM",220.0830078125
2023-09-13,"CRM",217.243362426758
2023-09-14,"CRM",217.223510742188
2023-09-15,"CRM",213.083160400391
2023-09-18,"CRM",213.47038269043
2023-09-19,"CRM",214.165405273438
2023-09-20,"CRM",211.514404296875
2023-09-21,"CRM",207.125839233398
2023-09-22,"CRM",204.961349487305
2023-09-25,"CRM",204.871994018555
2023-09-26,"CRM",201.049407958984
2023-09-27,"CRM",201.287673950195
2023-09-28,"CRM",201.754333496094
2023-09-29,"CRM",201.337326049805
2023-10-02,"CRM",202.260726928711
2023-10-03,"CRM",198.408309936523
2023-10-04,"CRM",200.433792114258
2023-10-05,"CRM",200.572784423828
2023-10-06,"CRM",205.884750366211
2023-10-09,"CRM",205.745742797852
2023-10-10,"CRM",205.408142089844
2023-10-11,"CRM",205.378356933594
2023-10-12,"CRM",204.216674804688
2023-10-13,"CRM",203.13444519043
2023-10-16,"CRM",207.046417236328
2023-10-17,"CRM",208.347091674805
2023-10-18,"CRM",203.372756958008
2023-10-19,"CRM",206.837921142578
2023-10-20,"CRM",202.280563354492
2023-10-23,"CRM",200.562866210938
2023-10-24,"CRM",202.767105102539
2023-10-25,"CRM",195.658020019531
2023-10-26,"CRM",194.853775024414
2023-10-27,"CRM",195.171524047852
2023-10-30,"CRM",197.852310180664
2023-10-31,"CRM",199.40119934082
2023-11-01,"CRM",202.459289550781
2023-11-02,"CRM",206.629409790039
2023-11-03,"CRM",205.993942260742
2023-11-06,"CRM",205.944320678711
2023-11-07,"CRM",210.332855224609
2023-11-08,"CRM",209.965484619141
2023-11-09,"CRM",208.515884399414
2023-11-10,"CRM",212.110137939453
2023-11-13,"CRM",213.748397827148
2023-11-14,"CRM",219.606414794922
2023-11-15,"CRM",217.858947753906
2023-11-16,"CRM",219.874481201172
2023-11-17,"CRM",219.646148681641
2023-11-20,"CRM",223.528305053711
2023-11-21,"CRM",222.724090576172
2023-11-22,"CRM",222.247467041016
2023-11-24,"CRM",222.783660888672
2023-11-27,"CRM",223.190734863281
2023-11-28,"CRM",223.319808959961
2023-11-29,"CRM",228.711181640625
2023-11-30,"CRM",250.107864379883
2023-12-01,"CRM",258.150238037109
2023-12-04,"CRM",248.876693725586
2023-12-05,"CRM",249.234130859375
2023-12-06,"CRM",247.357574462891
2023-12-07,"CRM",247.079559326172
2023-12-08,"CRM",249.025619506836
2023-12-11,"CRM",250.306442260742
2023-12-12,"CRM",254.625503540039
2023-12-13,"CRM",255.489288330078
2023-12-14,"CRM",255.380065917969
2023-12-15,"CRM",259.738830566406
2023-12-18,"CRM",261.714691162109
2023-12-19,"CRM",262.459350585938
2023-12-20,"CRM",258.398468017578
2023-12-21,"CRM",265.348663330078
2023-12-22,"CRM",264.445129394531
2023-12-26,"CRM",264.325988769531
2023-12-27,"CRM",264.822448730469
2023-12-28,"CRM",263.690551757812
2023-12-29,"CRM",261.267913818359
2024-01-02,"CRM",254.30778503418
2024-01-03,"CRM",250.048294067383
2024-01-04,"CRM",249.452560424805
2024-01-05,"CRM",249.333404541016
2024-01-08,"CRM",259.014038085938
2024-01-09,"CRM",259.480682373047
2024-01-10,"CRM",262.250885009766
2024-01-11,"CRM",269.449310302734
2024-01-12,"CRM",269.995330810547
2024-01-16,"CRM",267.274871826172
2024-01-17,"CRM",269.508819580078
2024-01-18,"CRM",272.507354736328
2024-01-19,"CRM",278.881683349609
2024-01-22,"CRM",278.305786132812
2024-01-23,"CRM",274.800903320312
2024-01-24,"CRM",274.91015625
2024-01-25,"CRM",277.044830322266
2024-01-26,"CRM",277.948364257812
2024-01-29,"CRM",285.81201171875
2024-01-30,"CRM",285.682983398438
2024-01-31,"CRM",279.090179443359
2024-02-01,"CRM",281.780914306641
2024-02-02,"CRM",283.627685546875
2024-02-05,"CRM",286.060241699219
2024-02-06,"CRM",283.796447753906
2024-02-07,"CRM",286.785064697266
2024-02-08,"CRM",289.872924804688
2024-02-09,"CRM",289.2275390625
2024-02-12,"CRM",285.275848388672
2024-02-13,"CRM",279.149719238281
2024-02-14,"CRM",287.092834472656
2024-02-15,"CRM",289.862976074219
2024-02-16,"CRM",287.658782958984
2024-02-20,"CRM",284.3525390625
2024-02-21,"CRM",281.532653808594
2024-02-22,"CRM",291.560852050781
2024-02-23,"CRM",290.716857910156
2024-02-26,"CRM",298.252899169922
2024-02-27,"CRM",297.369201660156
2024-02-28,"CRM",297.637268066406
2024-02-29,"CRM",306.622894287109
2024-03-01,"CRM",314.625549316406
2024-03-04,"CRM",312.401519775391
2024-03-05,"CRM",296.62451171875
2024-03-06,"CRM",301.608825683594
2024-03-07,"CRM",300.268463134766
2024-03-08,"CRM",303.108093261719
2024-03-11,"CRM",303.822998046875
2024-03-12,"CRM",304.438568115234
2024-03-13,"CRM",302.907531738281
2024-03-14,"CRM",301.555419921875
2024-03-15,"CRM",292.617736816406
2024-03-18,"CRM",298.761810302734
2024-03-19,"CRM",299.696350097656
2024-03-20,"CRM",304.299377441406
2024-03-21,"CRM",306.595977783203
2024-03-22,"CRM",305.979553222656
2024-03-25,"CRM",304.279541015625
2024-03-26,"CRM",304.050811767578
2024-03-27,"CRM",299.626678466797
2024-03-28,"CRM",299.427886962891
2024-04-01,"CRM",300.501617431641
2024-04-02,"CRM",302.2314453125
2024-04-03,"CRM",302.967163085938
2024-04-04,"CRM",292.428863525391
2024-04-05,"CRM",300.153656005859
2024-04-08,"CRM",299.974700927734
2024-04-09,"CRM",300.610961914062
2024-04-10,"CRM",297.876983642578
2024-04-11,"CRM",297.409698486328
2024-04-12,"CRM",292.607788085938
2024-04-15,"CRM",271.312408447266
2024-04-16,"CRM",275.796142578125
2024-04-17,"CRM",274.712524414062
2024-04-18,"CRM",270.338134765625
2024-04-19,"CRM",268.797088623047
2024-04-22,"CRM",272.217071533203
2024-04-23,"CRM",275.070404052734
2024-04-24,"CRM",274.583251953125
2024-04-25,"CRM",271.550994873047
2024-04-26,"CRM",272.6943359375
2024-04-29,"CRM",274.135864257812
2024-04-30,"CRM",267.375427246094
2024-05-01,"CRM",267.126922607422
2024-05-02,"CRM",270.546905517578
2024-05-03,"CRM",272.067993164062
2024-05-06,"CRM",274.026550292969
2024-05-07,"CRM",275.567504882812
2024-05-08,"CRM",277.347076416016
2024-05-09,"CRM",273.569213867188
2024-05-10,"CRM",275.060485839844
2024-05-13,"CRM",275.905517578125
2024-05-14,"CRM",275.189697265625
2024-05-15,"CRM",285.867248535156
2024-05-16,"CRM",283.023895263672
2024-05-17,"CRM",283.948455810547
2024-05-20,"CRM",285.399963378906
2024-05-21,"CRM",282.109222412109
2024-05-22,"CRM",282.168884277344
2024-05-23,"CRM",276.949401855469
2024-05-24,"CRM",270.705993652344
2024-05-28,"CRM",268.26025390625
2024-05-29,"CRM",270.039855957031
2024-05-30,"CRM",216.741714477539
2024-05-31,"CRM",233.076141357422
2024-06-03,"CRM",235.243469238281
2024-06-04,"CRM",233.493698120117
2024-06-05,"CRM",235.153991699219
2024-06-06,"CRM",241.347732543945
2024-06-07,"CRM",240.44303894043
2024-06-10,"CRM",240.433090209961
2024-06-11,"CRM",239.588027954102
2024-06-12,"CRM",234.428237915039
2024-06-13,"CRM",227.697631835938
2024-06-14,"CRM",230.590698242188
2024-06-17,"CRM",229.139175415039
2024-06-18,"CRM",230.461441040039
2024-06-20,"CRM",240.393325805664
2024-06-21,"CRM",243.634353637695
2024-06-24,"CRM",238.544143676758
2024-06-25,"CRM",240.353546142578
2024-06-26,"CRM",241.735473632812
2024-06-27,"CRM",251.379058837891
2024-06-28,"CRM",255.604309082031
2024-07-01,"CRM",254.719497680664
2024-07-02,"CRM",254.699615478516
2024-07-03,"CRM",259.431945800781
2024-07-05,"CRM",261.658874511719
2024-07-08,"CRM",255.872756958008
2024-07-09,"CRM",251.352127075195
2024-07-10,"CRM",251.511459350586
2024-07-11,"CRM",250.047729492188
2024-07-12,"CRM",252.885559082031
2024-07-15,"CRM",251.780303955078
2024-07-16,"CRM",254.936767578125
2024-07-17,"CRM",250.147308349609
2024-07-18,"CRM",246.293823242188
2024-07-19,"CRM",246.572647094727
2024-07-22,"CRM",252.995086669922
2024-07-23,"CRM",254.96662902832
2024-07-24,"CRM",248.713439941406
2024-07-25,"CRM",255.424652099609
2024-07-26,"CRM",261.588256835938
2024-07-29,"CRM",257.48583984375
2024-07-30,"CRM",256.828674316406
2024-07-31,"CRM",257.694915771484
2024-08-01,"CRM",251.979446411133
2024-08-02,"CRM",242.928268432617
2024-08-05,"CRM",237.989440917969
2024-08-06,"CRM",237.401947021484
2024-08-07,"CRM",239.015029907227
2024-08-08,"CRM",248.056259155273
2024-08-09,"CRM",251.451705932617
2024-08-12,"CRM",250.236907958984
2024-08-13,"CRM",253.512878417969
2024-08-14,"CRM",254.22981262207
2024-08-15,"CRM",261.667907714844
2024-08-16,"CRM",261.787384033203
2024-08-19,"CRM",264.246856689453
2024-08-20,"CRM",260.721954345703
2024-08-21,"CRM",259.975158691406
2024-08-22,"CRM",257.48583984375
2024-08-23,"CRM",262.872741699219
2024-08-26,"CRM",264.147277832031
2024-08-27,"CRM",263.071868896484
2024-08-28,"CRM",257.794494628906
2024-08-29,"CRM",255.91259765625
2024-08-30,"CRM",251.820129394531
2024-09-03,"CRM",247.000793457031
2024-09-04,"CRM",246.622406005859
2024-09-05,"CRM",245.069091796875
2024-09-06,"CRM",242.928268432617
2024-09-09,"CRM",244.71061706543
2024-09-10,"CRM",245.108917236328
2024-09-11,"CRM",248.504364013672
2024-09-12,"CRM",252.288116455078
2024-09-13,"CRM",253.483001708984
2024-09-16,"CRM",255.813003540039
2024-09-17,"CRM",254.100341796875
2024-09-18,"CRM",251.746734619141
2024-09-19,"CRM",265.27001953125
2024-09-20,"CRM",266.077850341797
2024-09-23,"CRM",263.494842529297
2024-09-24,"CRM",269.7080078125
2024-09-25,"CRM",273.348114013672
2024-09-26,"CRM",275.013610839844
2024-09-27,"CRM",275.891235351562
2024-09-30,"CRM",272.969146728516
2024-10-01,"CRM",270.136840820312
2024-10-02,"CRM",278.723541259766
2024-10-03,"CRM",280.149658203125
2024-10-04,"CRM",286.971160888672
2024-10-07,"CRM",283.799743652344
2024-10-08,"CRM",290.780792236328
2024-10-09,"CRM",287.140686035156
2024-10-10,"CRM",289.384582519531
2024-10-11,"CRM",287.320220947266
2024-10-14,"CRM",290.850646972656
2024-10-15,"CRM",287.569519042969
2024-10-16,"CRM",290.072723388672
2024-10-17,"CRM",290.322021484375
2024-10-18,"CRM",292.147094726562
2024-10-21,"CRM",290.501586914062
2024-10-22,"CRM",287.549560546875
2024-10-23,"CRM",283.660125732422
2024-10-24,"CRM",285.983856201172
2024-10-25,"CRM",289.673828125
2024-10-28,"CRM",292.974822998047
2024-10-29,"CRM",298.080993652344
2024-10-30,"CRM",295.597717285156
2024-10-31,"CRM",290.581359863281
2024-11-01,"CRM",293.922302246094
2024-11-04,"CRM",297.203369140625
2024-11-05,"CRM",296.684753417969
2024-11-06,"CRM",306.069305419922
2024-11-07,"CRM",309.938812255859
2024-11-08,"CRM",321.078582763672
2024-11-11,"CRM",340.805053710938
2024-11-12,"CRM",340.226623535156
2024-11-13,"CRM",340.795043945312
2024-11-14,"CRM",330.752319335938
2024-11-15,"CRM",324.379638671875
2024-11-18,"CRM",321.377746582031
2024-11-19,"CRM",322.554565429688
2024-11-20,"CRM",324.818450927734
2024-11-21,"CRM",334.871154785156
2024-11-22,"CRM",341.09423828125
2024-11-25,"CRM",338.192138671875
2024-11-26,"CRM",342.251098632812
2024-11-27,"CRM",329.116760253906
2024-11-29,"CRM",329.096801757812
2024-12-02,"CRM",330.114074707031
2024-12-03,"CRM",330.532897949219
2024-12-04,"CRM",366.874267578125
2024-12-05,"CRM",360.40185546875
2024-12-06,"CRM",361.010162353516
2024-12-09,"CRM",350.618408203125
2024-12-10,"CRM",347.875854492188
2024-12-11,"CRM",353.889526367188
2024-12-12,"CRM",357.060913085938
2024-12-13,"CRM",353.350982666016
2024-12-16,"CRM",356.263092041016
2024-12-17,"CRM",350.02001953125
2024-12-18,"CRM",336.700958251953
2024-12-19,"CRM",335.702545166016
2024-12-20,"CRM",343.110870361328
2024-12-23,"CRM",342.362060546875
2024-12-24,"CRM",343.8896484375
2024-12-26,"CRM",341.183898925781
2024-12-27,"CRM",337.919067382812
2024-12-30,"CRM",335.213287353516
2024-12-31,"CRM",333.805480957031
2025-01-02,"CRM",330.141265869141
2025-01-03,"CRM",332.377746582031
2025-01-06,"CRM",330.011474609375
2025-01-07,"CRM",324.420257568359
2025-01-08,"CRM",326.387145996094
2025-01-10,"CRM",317.351379394531
2025-01-13,"CRM",318.569458007812
2025-01-14,"CRM",323.032440185547
2025-01-15,"CRM",320.656158447266
2025-01-16,"CRM",319.497985839844
2025-01-17,"CRM",324.050842285156
2025-01-21,"CRM",326.327239990234
2025-01-22,"CRM",332.098175048828
2025-01-23,"CRM",334.134979248047
2025-01-24,"CRM",333.356201171875
2025-01-27,"CRM",346.555480957031
2025-01-28,"CRM",359.385314941406
2025-01-29,"CRM",353.444641113281
2025-01-30,"CRM",343.031005859375
2025-01-31,"CRM",341.163940429688
2025-02-03,"CRM",338.707794189453
2025-02-04,"CRM",343.600128173828
2025-02-05,"CRM",347.384155273438
2025-02-06,"CRM",330.291015625
2025-02-07,"CRM",325.318817138672
2025-02-10,"CRM",326.686706542969
2025-02-11,"CRM",323.891082763672
2025-02-12,"CRM",325.608367919922
2025-02-13,"CRM",329.332550048828
2025-02-14,"CRM",326.027740478516
2025-02-18,"CRM",328.443908691406
2025-02-19,"CRM",324.020874023438
2025-02-20,"CRM",317.930450439453
2025-02-21,"CRM",309.31396484375
2025-02-24,"CRM",307.836303710938
2025-02-25,"CRM",305.400146484375
2025-02-26,"CRM",306.847839355469
2025-02-27,"CRM",294.437347412109
2025-02-28,"CRM",297.382751464844
2025-03-03,"CRM",292.600250244141
2025-03-04,"CRM",286.889221191406
2025-03-05,"CRM",291.511962890625
2025-03-06,"CRM",285.601226806641
2025-03-07,"CRM",282.446228027344
2025-03-10,"CRM",272.471862792969
2025-03-11,"CRM",276.615356445312
2025-03-12,"CRM",284.133544921875
2025-03-13,"CRM",271.313690185547
2025-03-14,"CRM",278.961669921875
2025-03-17,"CRM",280.3095703125
2025-03-18,"CRM",278.292755126953
2025-03-19,"CRM",278.951721191406
2025-03-20,"CRM",278.592254638672
2025-03-21,"CRM",280.179748535156
2025-03-24,"CRM",285.511383056641
2025-03-25,"CRM",288.1572265625
2025-03-26,"CRM",280.549163818359
2025-03-27,"CRM",277.374176025391
2025-03-28,"CRM",269.546478271484
2025-03-31,"CRM",267.938995361328
2025-04-01,"CRM",269.776123046875
2025-04-02,"CRM",271.114013671875
2025-04-03,"CRM",254.82958984375
2025-04-04,"CRM",240.382293701172
2025-04-07,"CRM",243.826889038086
2025-04-08,"CRM",243.607238769531
2025-04-09,"CRM",264.754028320312
2025-04-10,"CRM",255.119995117188
2025-04-11,"CRM",255
2025-04-14,"CRM",254.550003051758
2025-04-15,"CRM",254.929992675781
2025-04-16,"CRM",249.839996337891
2025-04-17,"CRM",247.259994506836
2025-04-21,"CRM",236.259994506836
2025-04-22,"CRM",243.389999389648
2025-04-23,"CRM",250.479995727539
2025-04-24,"CRM",264.700012207031
2025-04-25,"CRM",267.850006103516
2025-04-28,"CRM",265.640014648438
2025-04-29,"CRM",267.760009765625
2025-04-30,"CRM",268.709991455078
2020-01-02,"IBM",101.245132446289
2020-01-03,"IBM",100.437660217285
2020-01-06,"IBM",100.258262634277
2020-01-07,"IBM",100.325508117676
2020-01-08,"IBM",101.162879943848
2020-01-09,"IBM",102.232002258301
2020-01-10,"IBM",102.194610595703
2020-01-13,"IBM",102.127334594727
2020-01-14,"IBM",101.544166564941
2020-01-15,"IBM",102.142288208008
2020-01-16,"IBM",103.159072875977
2020-01-17,"IBM",103.405784606934
2020-01-21,"IBM",104.048774719238
2020-01-22,"IBM",107.577583312988
2020-01-23,"IBM",106.815017700195
2020-01-24,"IBM",105.087989807129
2020-01-27,"IBM",103.637550354004
2020-01-28,"IBM",104.332862854004
2020-01-29,"IBM",102.942253112793
2020-01-30,"IBM",102.254425048828
2020-01-31,"IBM",107.457992553711
2020-02-03,"IBM",109.357009887695
2020-02-04,"IBM",111.480270385742
2020-02-05,"IBM",116.878219604492
2020-02-06,"IBM",117.199729919434
2020-02-07,"IBM",115.892784118652
2020-02-10,"IBM",116.663368225098
2020-02-11,"IBM",115.945693969727
2020-02-12,"IBM",117.328147888184
2020-02-13,"IBM",116.572677612305
2020-02-14,"IBM",113.84553527832
2020-02-18,"IBM",114.147727966309
2020-02-19,"IBM",113.966430664062
2020-02-20,"IBM",114.238380432129
2020-02-21,"IBM",113.195877075195
2020-02-24,"IBM",110.619789123535
2020-02-25,"IBM",107.054092407227
2020-02-26,"IBM",105.573417663574
2020-02-27,"IBM",100.557273864746
2020-02-28,"IBM",98.3211517333984
2020-03-02,"IBM",101.456230163574
2020-03-03,"IBM",97.376838684082
2020-03-04,"IBM",101.395797729492
2020-03-05,"IBM",97.8678588867188
2020-03-06,"IBM",96.4929733276367
2020-03-09,"IBM",88.9989624023438
2020-03-10,"IBM",94.2568511962891
2020-03-11,"IBM",89.1198425292969
2020-03-12,"IBM",77.6672821044922
2020-03-13,"IBM",81.5502777099609
2020-03-16,"IBM",74.849479675293
2020-03-17,"IBM",80.5681762695312
2020-03-18,"IBM",78.2263031005859
2020-03-19,"IBM",75.8013381958008
2020-03-20,"IBM",72.0618743896484
2020-03-23,"IBM",71.593505859375
2020-03-24,"IBM",79.6843185424805
2020-03-25,"IBM",79.9638519287109
2020-03-26,"IBM",85.2821502685547
2020-03-27,"IBM",81.610710144043
2020-03-30,"IBM",85.3123779296875
2020-03-31,"IBM",83.8014831542969
2020-04-01,"IBM",79.4274597167969
2020-04-02,"IBM",83.0989151000977
2020-04-03,"IBM",80.3339996337891
2020-04-06,"IBM",86.7401809692383
2020-04-07,"IBM",86.8308334350586
2020-04-08,"IBM",90.1170425415039
2020-04-09,"IBM",91.7865447998047
2020-04-13,"IBM",91.5221405029297
2020-04-14,"IBM",93.6071624755859
2020-04-15,"IBM",89.6637420654297
2020-04-16,"IBM",87.4276351928711
2020-04-17,"IBM",90.744026184082
2020-04-20,"IBM",90.9631042480469
2020-04-21,"IBM",88.2057266235352
2020-04-22,"IBM",90.1321411132812
2020-04-23,"IBM",91.673225402832
2020-04-24,"IBM",94.2190933227539
2020-04-27,"IBM",95.1256256103516
2020-04-28,"IBM",95.3900451660156
2020-04-29,"IBM",97.2181777954102
2020-04-30,"IBM",94.8536529541016
2020-05-01,"IBM",92.0660552978516
2020-05-04,"IBM",91.9225311279297
2020-05-05,"IBM",92.6024169921875
2020-05-06,"IBM",93.0481491088867
2020-05-07,"IBM",92.8108215332031
2020-05-08,"IBM",94.1582489013672
2020-05-11,"IBM",93.8520050048828
2020-05-12,"IBM",92.0682144165039
2020-05-13,"IBM",88.6001510620117
2020-05-14,"IBM",89.5341415405273
2020-05-15,"IBM",89.5571212768555
2020-05-18,"IBM",93.0634536743164
2020-05-19,"IBM",92.0911712646484
2020-05-20,"IBM",92.925651550293
2020-05-21,"IBM",91.1954498291016
2020-05-22,"IBM",90.6365814208984
2020-05-26,"IBM",93.2165756225586
2020-05-27,"IBM",96.1104278564453
2020-05-28,"IBM",95.3372039794922
2020-05-29,"IBM",95.6204605102539
2020-06-01,"IBM",95.6128234863281
2020-06-02,"IBM",96.4626083374023
2020-06-03,"IBM",98.7976303100586
2020-06-04,"IBM",98.6751174926758
2020-06-05,"IBM",101.101997375488
2020-06-08,"IBM",103.926971435547
2020-06-09,"IBM",100.956535339355
2020-06-10,"IBM",99.4253845214844
2020-06-11,"IBM",90.3456573486328
2020-06-12,"IBM",93.3314056396484
2020-06-15,"IBM",93.1323471069336
2020-06-16,"IBM",95.8118743896484
2020-06-17,"IBM",95.0462799072266
2020-06-18,"IBM",95.053955078125
2020-06-19,"IBM",93.760139465332
2020-06-22,"IBM",92.6883087158203
2020-06-23,"IBM",91.4174652099609
2020-06-24,"IBM",89.1284027099609
2020-06-25,"IBM",91.1265411376953
2020-06-26,"IBM",89.7178726196289
2020-06-29,"IBM",91.6777648925781
2020-06-30,"IBM",92.4586639404297
2020-07-01,"IBM",90.7514114379883
2020-07-02,"IBM",91.6394653320312
2020-07-06,"IBM",92.0145950317383
2020-07-07,"IBM",90.0164489746094
2020-07-08,"IBM",90.1159896850586
2020-07-09,"IBM",88.584831237793
2020-07-10,"IBM",90.6059494018555
2020-07-13,"IBM",91.2566909790039
2020-07-14,"IBM",92.328498840332
2020-07-15,"IBM",94.1658935546875
2020-07-16,"IBM",94.9391250610352
2020-07-17,"IBM",95.78125
2020-07-20,"IBM",96.7458801269531
2020-07-21,"IBM",96.5085525512695
2020-07-22,"IBM",98.5066986083984
2020-07-23,"IBM",97.480842590332
2020-07-24,"IBM",96.3018493652344
2020-07-27,"IBM",96.6233825683594
2020-07-28,"IBM",95.2912826538086
2020-07-29,"IBM",95.9420166015625
2020-07-30,"IBM",94.0893249511719
2020-07-31,"IBM",94.1199340820312
2020-08-03,"IBM",95.1687927246094
2020-08-04,"IBM",96.3401031494141
2020-08-05,"IBM",96.0415344238281
2020-08-06,"IBM",96.5544815063477
2020-08-07,"IBM",96.9189987182617
2020-08-10,"IBM",98.586540222168
2020-08-11,"IBM",98.3073425292969
2020-08-12,"IBM",98.2685394287109
2020-08-13,"IBM",96.9732894897461
2020-08-14,"IBM",97.1594467163086
2020-08-17,"IBM",96.5157012939453
2020-08-18,"IBM",96.8879852294922
2020-08-19,"IBM",96.0503387451172
2020-08-20,"IBM",95.5151748657227
2020-08-21,"IBM",95.5229339599609
2020-08-24,"IBM",97.477424621582
2020-08-25,"IBM",96.6708145141602
2020-08-26,"IBM",96.306282043457
2020-08-27,"IBM",96.678581237793
2020-08-28,"IBM",97.0043182373047
2020-08-31,"IBM",95.639274597168
2020-09-01,"IBM",95.7090606689453
2020-09-02,"IBM",99.4164352416992
2020-09-03,"IBM",96.5234603881836
2020-09-04,"IBM",94.8559188842773
2020-09-08,"IBM",94.0105056762695
2020-09-09,"IBM",94.8248977661133
2020-09-10,"IBM",93.5063781738281
2020-09-11,"IBM",94.2043991088867
2020-09-14,"IBM",94.6930313110352
2020-09-15,"IBM",94.9644927978516
2020-09-16,"IBM",96.3450546264648
2020-09-17,"IBM",96.8879852294922
2020-09-18,"IBM",95.2126922607422
2020-09-21,"IBM",93.2659530639648
2020-09-22,"IBM",93.4675827026367
2020-09-23,"IBM",92.1645965576172
2020-09-24,"IBM",91.5906295776367
2020-09-25,"IBM",92.2576522827148
2020-09-28,"IBM",94.4138107299805
2020-09-29,"IBM",93.8011016845703
2020-09-30,"IBM",94.3672866821289
2020-10-01,"IBM",93.9174270629883
2020-10-02,"IBM",93.5141220092773
2020-10-05,"IBM",94.6309814453125
2020-10-06,"IBM",94.5999526977539
2020-10-07,"IBM",96.2287292480469
2020-10-08,"IBM",101.983680725098
2020-10-09,"IBM",99.1139602661133
2020-10-12,"IBM",98.6641006469727
2020-10-13,"IBM",97.0276031494141
2020-10-14,"IBM",97.6791076660156
2020-10-15,"IBM",96.8647155761719
2020-10-16,"IBM",97.6713333129883
2020-10-19,"IBM",97.3533477783203
2020-10-20,"IBM",91.0322036743164
2020-10-21,"IBM",89.2405700683594
2020-10-22,"IBM",89.7834854125977
2020-10-23,"IBM",89.969612121582
2020-10-26,"IBM",87.0378646850586
2020-10-27,"IBM",85.750373840332
2020-10-28,"IBM",82.7177658081055
2020-10-29,"IBM",84.4706192016602
2020-10-30,"IBM",86.603515625
2020-11-02,"IBM",87.5730209350586
2020-11-03,"IBM",88.5425415039062
2020-11-04,"IBM",86.7896575927734
2020-11-05,"IBM",89.0156631469727
2020-11-06,"IBM",88.4494552612305
2020-11-09,"IBM",90.904411315918
2020-11-10,"IBM",92.7771224975586
2020-11-11,"IBM",92.2184600830078
2020-11-12,"IBM",90.0939788818359
2020-11-13,"IBM",91.9430618286133
2020-11-16,"IBM",93.1311645507812
2020-11-17,"IBM",92.6118850708008
2020-11-18,"IBM",91.8801040649414
2020-11-19,"IBM",92.2027282714844
2020-11-20,"IBM",92.0138549804688
2020-11-23,"IBM",94.492431640625
2020-11-24,"IBM",97.8994827270508
2020-11-25,"IBM",97.7263870239258
2020-11-27,"IBM",97.8443984985352
2020-11-30,"IBM",97.1913146972656
2020-12-01,"IBM",96.9080657958984
2020-12-02,"IBM",98.0568618774414
2020-12-03,"IBM",97.2621383666992
2020-12-04,"IBM",100.086921691895
2020-12-07,"IBM",98.1198043823242
2020-12-08,"IBM",98.9145278930664
2020-12-09,"IBM",99.7643051147461
2020-12-10,"IBM",98.3243713378906
2020-12-11,"IBM",97.7814559936523
2020-12-14,"IBM",97.1991958618164
2020-12-15,"IBM",99.0876159667969
2020-12-16,"IBM",98.7886199951172
2020-12-17,"IBM",98.7886199951172
2020-12-18,"IBM",99.0246734619141
2020-12-21,"IBM",97.0890350341797
2020-12-22,"IBM",97.2621383666992
2020-12-23,"IBM",97.4903259277344
2020-12-24,"IBM",98.1119384765625
2020-12-28,"IBM",98.2142333984375
2020-12-29,"IBM",97.4116439819336
2020-12-30,"IBM",97.8365478515625
2020-12-31,"IBM",99.0482864379883
2021-01-04,"IBM",97.5218048095703
2021-01-05,"IBM",99.2528610229492
2021-01-06,"IBM",101.731422424316
2021-01-07,"IBM",101.495376586914
2021-01-08,"IBM",101.133438110352
2021-01-11,"IBM",101.172752380371
2021-01-12,"IBM",101.668479919434
2021-01-13,"IBM",99.8666152954102
2021-01-14,"IBM",101.479652404785
2021-01-15,"IBM",101.023277282715
2021-01-19,"IBM",101.518974304199
2021-01-20,"IBM",102.353042602539
2021-01-21,"IBM",103.588386535645
2021-01-22,"IBM",93.3279113769531
2021-01-25,"IBM",93.3043060302734
2021-01-26,"IBM",96.3808822631836
2021-01-27,"IBM",96.3651428222656
2021-01-28,"IBM",94.4845809936523
2021-01-29,"IBM",93.7213439941406
2021-02-01,"IBM",94.8465270996094
2021-02-02,"IBM",93.9809722900391
2021-02-03,"IBM",93.7292022705078
2021-02-04,"IBM",95.2242050170898
2021-02-05,"IBM",95.830078125
2021-02-08,"IBM",97.2621383666992
2021-02-09,"IBM",97.3578338623047
2021-02-10,"IBM",97.4694595336914
2021-02-11,"IBM",96.4089736938477
2021-02-12,"IBM",96.3212509155273
2021-02-16,"IBM",95.7391738891602
2021-02-17,"IBM",95.6594390869141
2021-02-18,"IBM",96.2654342651367
2021-02-19,"IBM",94.8780136108398
2021-02-22,"IBM",96.3690872192383
2021-02-23,"IBM",96.2494812011719
2021-02-24,"IBM",98.2428817749023
2021-02-25,"IBM",97.6528625488281
2021-02-26,"IBM",94.8301849365234
2021-03-01,"IBM",96.2734146118164
2021-03-02,"IBM",95.9464950561523
2021-03-03,"IBM",97.5651245117188
2021-03-04,"IBM",95.7710800170898
2021-03-05,"IBM",97.9399108886719
2021-03-08,"IBM",99.5186614990234
2021-03-09,"IBM",99.0163345336914
2021-03-10,"IBM",101.958587646484
2021-03-11,"IBM",101.376525878906
2021-03-12,"IBM",101.75129699707
2021-03-15,"IBM",102.52473449707
2021-03-16,"IBM",102.253601074219
2021-03-17,"IBM",102.883544921875
2021-03-18,"IBM",103.70482635498
2021-03-19,"IBM",102.779899597168
2021-03-22,"IBM",104.095520019531
2021-03-23,"IBM",104.023773193359
2021-03-24,"IBM",104.151351928711
2021-03-25,"IBM",106.104873657227
2021-03-26,"IBM",108.744140625
2021-03-29,"IBM",108.329521179199
2021-03-30,"IBM",107.420524597168
2021-03-31,"IBM",106.256378173828
2021-04-01,"IBM",106.232452392578
2021-04-05,"IBM",108.385322570801
2021-04-06,"IBM",107.021842956543
2021-04-07,"IBM",107.58797454834
2021-04-08,"IBM",107.739479064941
2021-04-09,"IBM",108.225860595703
2021-04-12,"IBM",107.316864013672
2021-04-13,"IBM",104.597869873047
2021-04-14,"IBM",105.754028320312
2021-04-15,"IBM",105.714164733887
2021-04-16,"IBM",106.519508361816
2021-04-19,"IBM",106.144737243652
2021-04-20,"IBM",110.163444519043
2021-04-21,"IBM",114.461212158203
2021-04-22,"IBM",112.651229858398
2021-04-23,"IBM",113.56819152832
2021-04-26,"IBM",112.882438659668
2021-04-27,"IBM",113.233283996582
2021-04-28,"IBM",114.022689819336
2021-04-29,"IBM",115.011413574219
2021-04-30,"IBM",113.129623413086
2021-05-03,"IBM",115.418075561523
2021-05-04,"IBM",116.215431213379
2021-05-05,"IBM",115.79280090332
2021-05-06,"IBM",118.344375610352
2021-05-07,"IBM",117.280082702637
2021-05-10,"IBM",117.852546691895
2021-05-11,"IBM",116.280311584473
2021-05-12,"IBM",113.926010131836
2021-05-13,"IBM",116.240028381348
2021-05-14,"IBM",116.65119934082
2021-05-17,"IBM",116.997917175293
2021-05-18,"IBM",116.030403137207
2021-05-19,"IBM",115.449859619141
2021-05-20,"IBM",116.006202697754
2021-05-21,"IBM",116.699584960938
2021-05-24,"IBM",116.683464050293
2021-05-25,"IBM",115.933639526367
2021-05-26,"IBM",115.603042602539
2021-05-27,"IBM",115.957832336426
2021-05-28,"IBM",115.89331817627
2021-06-01,"IBM",116.256126403809
2021-06-02,"IBM",117.489738464355
2021-06-03,"IBM",117.352653503418
2021-06-04,"IBM",118.860382080078
2021-06-07,"IBM",119.344146728516
2021-06-08,"IBM",120.190719604492
2021-06-09,"IBM",121.480758666992
2021-06-10,"IBM",121.375968933105
2021-06-11,"IBM",121.972587585449
2021-06-14,"IBM",120.964736938477
2021-06-15,"IBM",120.424537658691
2021-06-16,"IBM",119.190940856934
2021-06-17,"IBM",117.392944335938
2021-06-18,"IBM",115.393424987793
2021-06-21,"IBM",118.239555358887
2021-06-22,"IBM",118.005760192871
2021-06-23,"IBM",116.594741821289
2021-06-24,"IBM",117.264007568359
2021-06-25,"IBM",118.392730712891
2021-06-28,"IBM",117.143043518066
2021-06-29,"IBM",117.352653503418
2021-06-30,"IBM",118.191207885742
2021-07-01,"IBM",118.392730712891
2021-07-02,"IBM",112.894004821777
2021-07-06,"IBM",111.89421081543
2021-07-07,"IBM",112.732749938965
2021-07-08,"IBM",113.47452545166
2021-07-09,"IBM",114.103393554688
2021-07-12,"IBM",113.619636535645
2021-07-13,"IBM",113.103614807129
2021-07-14,"IBM",112.732749938965
2021-07-15,"IBM",113.240692138672
2021-07-16,"IBM",111.990951538086
2021-07-19,"IBM",111.200820922852
2021-07-20,"IBM",112.853675842285
2021-07-21,"IBM",113.926010131836
2021-07-22,"IBM",113.450332641602
2021-07-23,"IBM",113.958274841309
2021-07-26,"IBM",115.111251831055
2021-07-27,"IBM",115.095092773438
2021-07-28,"IBM",114.304985046387
2021-07-29,"IBM",114.433967590332
2021-07-30,"IBM",113.651893615723
2021-08-02,"IBM",114.022750854492
2021-08-03,"IBM",116.159393310547
2021-08-04,"IBM",115.103179931641
2021-08-05,"IBM",115.111251831055
2021-08-06,"IBM",116.175498962402
2021-08-09,"IBM",115.196853637695
2021-08-10,"IBM",115.302886962891
2021-08-11,"IBM",115.914535522461
2021-08-12,"IBM",116.681159973145
2021-08-13,"IBM",116.770866394043
2021-08-16,"IBM",117.105239868164
2021-08-17,"IBM",116.151054382324
2021-08-18,"IBM",113.745162963867
2021-08-19,"IBM",112.562606811523
2021-08-20,"IBM",113.451583862305
2021-08-23,"IBM",113.867500305176
2021-08-24,"IBM",114.046905517578
2021-08-25,"IBM",114.063232421875
2021-08-26,"IBM",113.182434082031
2021-08-27,"IBM",113.696243286133
2021-08-30,"IBM",113.337394714355
2021-08-31,"IBM",114.454681396484
2021-09-01,"IBM",113.606544494629
2021-09-02,"IBM",114.185562133789
2021-09-03,"IBM",113.834884643555
2021-09-07,"IBM",112.595237731934
2021-09-08,"IBM",113.092735290527
2021-09-09,"IBM",112.334266662598
2021-09-10,"IBM",111.747047424316
2021-09-13,"IBM",112.66862487793
2021-09-14,"IBM",111.094635009766
2021-09-15,"IBM",111.893867492676
2021-09-16,"IBM",111.265899658203
2021-09-17,"IBM",110.287231445312
2021-09-20,"IBM",109.536926269531
2021-09-21,"IBM",108.444061279297
2021-09-22,"IBM",109.797889709473
2021-09-23,"IBM",111.510543823242
2021-09-24,"IBM",112.130363464355
2021-09-27,"IBM",113.00301361084
2021-09-28,"IBM",112.114059448242
2021-09-29,"IBM",113.508674621582
2021-09-30,"IBM",113.304756164551
2021-10-01,"IBM",116.885055541992
2021-10-04,"IBM",117.529357910156
2021-10-05,"IBM",116.746406555176
2021-10-06,"IBM",116.102104187012
2021-10-07,"IBM",115.65355682373
2021-10-08,"IBM",116.803497314453
2021-10-11,"IBM",116.159217834473
2021-10-12,"IBM",114.560707092285
2021-10-13,"IBM",114.797225952148
2021-10-14,"IBM",116.94214630127
2021-10-15,"IBM",117.937103271484
2021-10-18,"IBM",116.069496154785
2021-10-19,"IBM",115.792198181152
2021-10-20,"IBM",115.726974487305
2021-10-21,"IBM",104.65990447998
2021-10-22,"IBM",104.292907714844
2021-10-25,"IBM",104.097190856934
2021-10-26,"IBM",103.681251525879
2021-10-27,"IBM",102.08277130127
2021-10-28,"IBM",102.629165649414
2021-10-29,"IBM",102.025672912598
2021-11-01,"IBM",102.98802947998
2021-11-02,"IBM",102.906455993652
2021-11-03,"IBM",103.681251525879
2021-11-04,"IBM",103.093299865723
2021-11-05,"IBM",105.447776794434
2021-11-08,"IBM",106.241134643555
2021-11-09,"IBM",104.468994140625
2021-11-10,"IBM",103.92440032959
2021-11-11,"IBM",103.967628479004
2021-11-12,"IBM",102.835182189941
2021-11-15,"IBM",102.757400512695
2021-11-16,"IBM",102.402969360352
2021-11-17,"IBM",102.057182312012
2021-11-18,"IBM",100.846977233887
2021-11-19,"IBM",100.319648742676
2021-11-22,"IBM",100.682716369629
2021-11-23,"IBM",100.959327697754
2021-11-24,"IBM",100.90746307373
2021-11-26,"IBM",100.112167358398
2021-11-29,"IBM",102.437538146973
2021-11-30,"IBM",101.227310180664
2021-12-01,"IBM",101.071701049805
2021-12-02,"IBM",101.054420471191
2021-12-03,"IBM",102.731468200684
2021-12-06,"IBM",103.656425476074
2021-12-07,"IBM",105.100051879883
2021-12-08,"IBM",106.344863891602
2021-12-09,"IBM",106.820327758789
2021-12-10,"IBM",107.269813537598
2021-12-13,"IBM",105.964515686035
2021-12-14,"IBM",106.984558105469
2021-12-15,"IBM",106.422660827637
2021-12-16,"IBM",108.860427856445
2021-12-17,"IBM",110.131172180176
2021-12-20,"IBM",109.837242126465
2021-12-21,"IBM",111.488372802734
2021-12-22,"IBM",112.162628173828
2021-12-23,"IBM",112.923355102539
2021-12-27,"IBM",113.779159545898
2021-12-28,"IBM",114.652252197266
2021-12-29,"IBM",115.274658203125
2021-12-30,"IBM",115.758758544922
2021-12-31,"IBM",115.542640686035
2022-01-03,"IBM",117.600028991699
2022-01-04,"IBM",119.311622619629
2022-01-05,"IBM",119.484535217285
2022-01-06,"IBM",116.994903564453
2022-01-07,"IBM",116.554054260254
2022-01-10,"IBM",116.726936340332
2022-01-11,"IBM",114.859718322754
2022-01-12,"IBM",115.482124328613
2022-01-13,"IBM",116.493522644043
2022-01-14,"IBM",116.018089294434
2022-01-18,"IBM",114.920227050781
2022-01-19,"IBM",113.744575500488
2022-01-20,"IBM",113.087593078613
2022-01-21,"IBM",111.816848754883
2022-01-24,"IBM",111.358680725098
2022-01-25,"IBM",117.651908874512
2022-01-26,"IBM",116.06128692627
2022-01-27,"IBM",114.557167053223
2022-01-28,"IBM",116.26879119873
2022-01-31,"IBM",115.464828491211
2022-02-01,"IBM",117.159156799316
2022-02-02,"IBM",118.646026611328
2022-02-03,"IBM",119.10417175293
2022-02-04,"IBM",118.559547424316
2022-02-07,"IBM",118.637382507324
2022-02-08,"IBM",118.447204589844
2022-02-09,"IBM",119.112823486328
2022-02-10,"IBM",116.81192779541
2022-02-11,"IBM",116.085777282715
2022-02-14,"IBM",113.863624572754
2022-02-15,"IBM",113.679916381836
2022-02-16,"IBM",113.014999389648
2022-02-17,"IBM",109.331840515137
2022-02-18,"IBM",108.789413452148
2022-02-22,"IBM",108.413223266602
2022-02-23,"IBM",106.794723510742
2022-02-24,"IBM",106.707237243652
2022-02-25,"IBM",108.640670776367
2022-02-28,"IBM",107.179664611816
2022-03-01,"IBM",106.164817810059
2022-03-02,"IBM",108.360733032227
2022-03-03,"IBM",110.17170715332
2022-03-04,"IBM",110.775367736816
2022-03-07,"IBM",110.294189453125
2022-03-08,"IBM",109.952995300293
2022-03-09,"IBM",110.425415039062
2022-03-10,"IBM",108.789413452148
2022-03-11,"IBM",108.448219299316
2022-03-14,"IBM",108.430717468262
2022-03-15,"IBM",109.917991638184
2022-03-16,"IBM",111.142791748047
2022-03-17,"IBM",111.947685241699
2022-03-18,"IBM",112.647567749023
2022-03-21,"IBM",112.070167541504
2022-03-22,"IBM",112.910026550293
2022-03-23,"IBM",112.245132446289
2022-03-24,"IBM",113.07625579834
2022-03-25,"IBM",114.91349029541
2022-03-28,"IBM",115.018447875977
2022-03-29,"IBM",115.429634094238
2022-03-30,"IBM",115.595878601074
2022-03-31,"IBM",113.749900817871
2022-04-01,"IBM",113.863624572754
2022-04-04,"IBM",113.968627929688
2022-04-05,"IBM",112.761306762695
2022-04-06,"IBM",113.19873046875
2022-04-07,"IBM",112.463851928711
2022-04-08,"IBM",111.746467590332
2022-04-11,"IBM",110.556648254395
2022-04-12,"IBM",110.215454101562
2022-04-13,"IBM",110.355422973633
2022-04-14,"IBM",110.722877502441
2022-04-18,"IBM",110.381675720215
2022-04-19,"IBM",112.988754272461
2022-04-20,"IBM",121.011276245117
2022-04-21,"IBM",122.349822998047
2022-04-22,"IBM",120.950042724609
2022-04-25,"IBM",121.693656921387
2022-04-26,"IBM",119.147827148438
2022-04-27,"IBM",118.159217834473
2022-04-28,"IBM",118.754127502441
2022-04-29,"IBM",115.665840148926
2022-05-02,"IBM",116.39200592041
2022-05-03,"IBM",115.937057495117
2022-05-04,"IBM",120.206398010254
2022-05-05,"IBM",118.911613464355
2022-05-06,"IBM",120.442596435547
2022-05-09,"IBM",119.043556213379
2022-05-10,"IBM",114.341682434082
2022-05-11,"IBM",115.776168823242
2022-05-12,"IBM",117.679916381836
2022-05-13,"IBM",118.299766540527
2022-05-16,"IBM",119.565986633301
2022-05-17,"IBM",122.523483276367
2022-05-18,"IBM",117.715339660645
2022-05-19,"IBM",114.810981750488
2022-05-20,"IBM",113.76611328125
2022-05-23,"IBM",116.148048400879
2022-05-24,"IBM",118.476867675781
2022-05-25,"IBM",118.999305725098
2022-05-26,"IBM",121.212989807129
2022-05-27,"IBM",123.320411682129
2022-05-31,"IBM",122.939643859863
2022-06-01,"IBM",123.462089538574
2022-06-02,"IBM",124.099617004395
2022-06-03,"IBM",125.011650085449
2022-06-06,"IBM",126.517013549805
2022-06-07,"IBM",126.428436279297
2022-06-08,"IBM",124.701759338379
2022-06-09,"IBM",122.160446166992
2022-06-10,"IBM",120.593162536621
2022-06-13,"IBM",119.636840820312
2022-06-14,"IBM",120.176971435547
2022-06-15,"IBM",121.363510131836
2022-06-16,"IBM",120.132682800293
2022-06-17,"IBM",119.55712890625
2022-06-21,"IBM",122.063034057617
2022-06-22,"IBM",121.381225585938
2022-06-23,"IBM",122.585464477539
2022-06-24,"IBM",125.790908813477
2022-06-27,"IBM",126.44612121582
2022-06-28,"IBM",125.613784790039
2022-06-29,"IBM",124.595520019531
2022-06-30,"IBM",125.020538330078
2022-07-01,"IBM",124.958534240723
2022-07-05,"IBM",121.859367370605
2022-07-06,"IBM",122.26668548584
2022-07-07,"IBM",124.701759338379
2022-07-08,"IBM",124.382987976074
2022-07-11,"IBM",124.852272033691
2022-07-12,"IBM",123.240692138672
2022-07-13,"IBM",121.469757080078
2022-07-14,"IBM",123.134452819824
2022-07-15,"IBM",123.895965576172
2022-07-18,"IBM",122.310981750488
2022-07-19,"IBM",115.891258239746
2022-07-20,"IBM",114.385932922363
2022-07-21,"IBM",112.588424682617
2022-07-22,"IBM",113.562446594238
2022-07-25,"IBM",113.819236755371
2022-07-26,"IBM",113.411926269531
2022-07-27,"IBM",114.332824707031
2022-07-28,"IBM",114.421379089355
2022-07-29,"IBM",115.811553955078
2022-08-01,"IBM",116.918395996094
2022-08-02,"IBM",116.714744567871
2022-08-03,"IBM",117.184051513672
2022-08-04,"IBM",116.564208984375
2022-08-05,"IBM",117.30802154541
2022-08-08,"IBM",117.423133850098
2022-08-09,"IBM",116.08716583252
2022-08-10,"IBM",117.90731048584
2022-08-11,"IBM",118.839813232422
2022-08-12,"IBM",120.157875061035
2022-08-15,"IBM",120.982765197754
2022-08-16,"IBM",122.444267272949
2022-08-17,"IBM",123.547157287598
2022-08-18,"IBM",124.694847106934
2022-08-19,"IBM",124.067192077637
2022-08-22,"IBM",121.538696289062
2022-08-23,"IBM",120.81241607666
2022-08-24,"IBM",119.458488464355
2022-08-25,"IBM",120.130958557129
2022-08-26,"IBM",116.903099060059
2022-08-29,"IBM",116.840324401855
2022-08-30,"IBM",116.18578338623
2022-08-31,"IBM",115.172584533691
2022-09-01,"IBM",116.257514953613
2022-09-02,"IBM",114.580810546875
2022-09-06,"IBM",113.62141418457
2022-09-07,"IBM",114.509071350098
2022-09-08,"IBM",115.19051361084
2022-09-09,"IBM",115.83610534668
2022-09-12,"IBM",117.154144287109
2022-09-13,"IBM",114.096626281738
2022-09-14,"IBM",114.491157531738
2022-09-15,"IBM",112.518562316895
2022-09-16,"IBM",114.114555358887
2022-09-19,"IBM",114.527015686035
2022-09-20,"IBM",113.244834899902
2022-09-21,"IBM",112.016426086426
2022-09-22,"IBM",112.357162475586
2022-09-23,"IBM",110.025894165039
2022-09-26,"IBM",109.398277282715
2022-09-27,"IBM",109.156181335449
2022-09-28,"IBM",110.070747375488
2022-09-29,"IBM",109.05753326416
2022-09-30,"IBM",106.529037475586
2022-10-03,"IBM",108.94995880127
2022-10-04,"IBM",112.527519226074
2022-10-05,"IBM",112.742698669434
2022-10-06,"IBM",109.59553527832
2022-10-07,"IBM",106.538009643555
2022-10-10,"IBM",105.57861328125
2022-10-11,"IBM",105.623428344727
2022-10-12,"IBM",105.417213439941
2022-10-13,"IBM",109.201011657715
2022-10-14,"IBM",107.631904602051
2022-10-17,"IBM",108.958923339844
2022-10-18,"IBM",110.232147216797
2022-10-19,"IBM",109.846580505371
2022-10-20,"IBM",115.038101196289
2022-10-21,"IBM",116.472702026367
2022-10-24,"IBM",118.974304199219
2022-10-25,"IBM",119.189514160156
2022-10-26,"IBM",121.054504394531
2022-10-27,"IBM",120.839340209961
2022-10-28,"IBM",124.19270324707
2022-10-31,"IBM",123.995445251465
2022-11-01,"IBM",123.91478729248
2022-11-02,"IBM",122.686370849609
2022-11-03,"IBM",120.570335388184
2022-11-04,"IBM",122.802940368652
2022-11-07,"IBM",124.04029083252
2022-11-08,"IBM",125.564575195312
2022-11-09,"IBM",124.657264709473
2022-11-10,"IBM",128.141342163086
2022-11-11,"IBM",129.901565551758
2022-11-14,"IBM",130.836135864258
2022-11-15,"IBM",130.963165283203
2022-11-16,"IBM",131.12646484375
2022-11-17,"IBM",132.550964355469
2022-11-18,"IBM",133.957290649414
2022-11-21,"IBM",133.08625793457
2022-11-22,"IBM",135.282012939453
2022-11-23,"IBM",134.964462280273
2022-11-25,"IBM",134.619659423828
2022-11-28,"IBM",132.632598876953
2022-11-29,"IBM",132.91389465332
2022-11-30,"IBM",135.100555419922
2022-12-01,"IBM",135.336456298828
2022-12-02,"IBM",134.891876220703
2022-12-05,"IBM",133.748626708984
2022-12-06,"IBM",133.830291748047
2022-12-07,"IBM",133.621597290039
2022-12-08,"IBM",134.084320068359
2022-12-09,"IBM",133.421997070312
2022-12-12,"IBM",135.381820678711
2022-12-13,"IBM",136.615783691406
2022-12-14,"IBM",135.971572875977
2022-12-15,"IBM",129.166641235352
2022-12-16,"IBM",127.170516967773
2022-12-19,"IBM",126.000076293945
2022-12-20,"IBM",128.186752319336
2022-12-21,"IBM",128.967041015625
2022-12-22,"IBM",127.82381439209
2022-12-23,"IBM",128.522445678711
2022-12-27,"IBM",129.221069335938
2022-12-28,"IBM",127.043510437012
2022-12-29,"IBM",127.987113952637
2022-12-30,"IBM",127.832885742188
2023-01-03,"IBM",128.431716918945
2023-01-04,"IBM",129.384414672852
2023-01-05,"IBM",128.032501220703
2023-01-06,"IBM",130.382446289062
2023-01-09,"IBM",130.246368408203
2023-01-10,"IBM",131.38053894043
2023-01-11,"IBM",131.797897338867
2023-01-12,"IBM",132.061019897461
2023-01-13,"IBM",132.369522094727
2023-01-17,"IBM",131.734390258789
2023-01-18,"IBM",127.397354125977
2023-01-19,"IBM",127.587898254395
2023-01-20,"IBM",128.114166259766
2023-01-23,"IBM",128.712997436523
2023-01-24,"IBM",128.377288818359
2023-01-25,"IBM",127.714935302734
2023-01-26,"IBM",121.989715576172
2023-01-27,"IBM",121.935272216797
2023-01-30,"IBM",122.760925292969
2023-01-31,"IBM",122.243766784668
2023-02-01,"IBM",122.570381164551
2023-02-02,"IBM",123.749908447266
2023-02-03,"IBM",124.248962402344
2023-02-06,"IBM",123.559371948242
2023-02-07,"IBM",123.25089263916
2023-02-08,"IBM",123.3779296875
2023-02-09,"IBM",122.84521484375
2023-02-10,"IBM",124.544387817383
2023-02-13,"IBM",126.151710510254
2023-02-14,"IBM",124.920936584473
2023-02-15,"IBM",125.279144287109
2023-02-16,"IBM",123.993293762207
2023-02-17,"IBM",124.011680603027
2023-02-21,"IBM",120.971527099609
2023-02-22,"IBM",120.291862487793
2023-02-23,"IBM",120.126525878906
2023-02-24,"IBM",119.92448425293
2023-02-27,"IBM",119.851013183594
2023-02-28,"IBM",118.758033752441
2023-03-01,"IBM",117.73851776123
2023-03-02,"IBM",118.418182373047
2023-03-03,"IBM",119.070304870605
2023-03-06,"IBM",119.575454711914
2023-03-07,"IBM",117.79362487793
2023-03-08,"IBM",117.609939575195
2023-03-09,"IBM",115.874038696289
2023-03-10,"IBM",115.221908569336
2023-03-13,"IBM",115.341316223145
2023-03-14,"IBM",114.487144470215
2023-03-15,"IBM",113.22883605957
2023-03-16,"IBM",114.533073425293
2023-03-17,"IBM",113.605407714844
2023-03-20,"IBM",115.671966552734
2023-03-21,"IBM",116.250602722168
2023-03-22,"IBM",113.936080932617
2023-03-23,"IBM",113.311508178711
2023-03-24,"IBM",115.074966430664
2023-03-27,"IBM",118.767204284668
2023-03-28,"IBM",118.79475402832
2023-03-29,"IBM",119.134605407715
2023-03-30,"IBM",118.684555053711
2023-03-31,"IBM",120.40209197998
2023-04-03,"IBM",121.292999267578
2023-04-04,"IBM",120.870506286621
2023-04-05,"IBM",121.366477966309
2023-04-06,"IBM",119.860198974609
2023-04-10,"IBM",120.346969604492
2023-04-11,"IBM",119.786712646484
2023-04-12,"IBM",118.059982299805
2023-04-13,"IBM",117.47216796875
2023-04-14,"IBM",117.692596435547
2023-04-17,"IBM",117.398681640625
2023-04-18,"IBM",117.361953735352
2023-04-19,"IBM",116.020988464355
2023-04-20,"IBM",116.057723999023
2023-04-21,"IBM",115.47908782959
2023-04-24,"IBM",115.176002502441
2023-04-25,"IBM",115.626052856445
2023-04-26,"IBM",115.589302062988
2023-04-27,"IBM",116.61799621582
2023-04-28,"IBM",116.103645324707
2023-05-01,"IBM",115.80973815918
2023-05-02,"IBM",114.955574035645
2023-05-03,"IBM",113.384971618652
2023-05-04,"IBM",112.576728820801
2023-05-05,"IBM",113.568672180176
2023-05-08,"IBM",113.339065551758
2023-05-09,"IBM",112.808387756348
2023-05-10,"IBM",113.599731445312
2023-05-11,"IBM",112.557022094727
2023-05-12,"IBM",114.363151550293
2023-05-15,"IBM",114.847259521484
2023-05-16,"IBM",114.940368652344
2023-05-17,"IBM",117.035102844238
2023-05-18,"IBM",117.44474029541
2023-05-19,"IBM",118.478134155273
2023-05-22,"IBM",118.70157623291
2023-05-23,"IBM",119.334648132324
2023-05-24,"IBM",117.007179260254
2023-05-25,"IBM",118.012649536133
2023-05-26,"IBM",119.995658874512
2023-05-30,"IBM",120.544944763184
2023-05-31,"IBM",119.716346740723
2023-06-01,"IBM",120.861480712891
2023-06-02,"IBM",123.282051086426
2023-06-05,"IBM",123.486877441406
2023-06-06,"IBM",123.533424377441
2023-06-07,"IBM",125.106788635254
2023-06-08,"IBM",125.134735107422
2023-06-09,"IBM",125.963325500488
2023-06-12,"IBM",127.00602722168
2023-06-13,"IBM",128.104598999023
2023-06-14,"IBM",127.732208251953
2023-06-15,"IBM",128.849395751953
2023-06-16,"IBM",127.992866516113
2023-06-20,"IBM",126.577789306641
2023-06-21,"IBM",124.464424133301
2023-06-22,"IBM",122.118309020996
2023-06-23,"IBM",120.498390197754
2023-06-26,"IBM",122.276596069336
2023-06-27,"IBM",123.207565307617
2023-06-28,"IBM",122.667610168457
2023-06-29,"IBM",124.808883666992
2023-06-30,"IBM",124.576133728027
2023-07-03,"IBM",124.445785522461
2023-07-05,"IBM",124.976455688477
2023-07-06,"IBM",123.040000915527
2023-07-07,"IBM",122.965530395508
2023-07-10,"IBM",123.728935241699
2023-07-11,"IBM",125.162666320801
2023-07-12,"IBM",123.673065185547
2023-07-13,"IBM",124.67854309082
2023-07-14,"IBM",124.194427490234
2023-07-17,"IBM",124.976455688477
2023-07-18,"IBM",126.019157409668
2023-07-19,"IBM",126.130897521973
2023-07-20,"IBM",128.830764770508
2023-07-21,"IBM",129.352127075195
2023-07-24,"IBM",129.910720825195
2023-07-25,"IBM",130.646240234375
2023-07-26,"IBM",131.335159301758
2023-07-27,"IBM",133.104049682617
2023-07-28,"IBM",133.550903320312
2023-07-31,"IBM",134.230514526367
2023-08-01,"IBM",133.439193725586
2023-08-02,"IBM",134.221221923828
2023-08-03,"IBM",134.481918334961
2023-08-04,"IBM",134.286392211914
2023-08-07,"IBM",136.092514038086
2023-08-08,"IBM",135.841171264648
2023-08-09,"IBM",134.18376159668
2023-08-10,"IBM",134.899444580078
2023-08-11,"IBM",134.777008056641
2023-08-14,"IBM",133.637557983398
2023-08-15,"IBM",133.599899291992
2023-08-16,"IBM",132.44157409668
2023-08-17,"IBM",132.460433959961
2023-08-18,"IBM",133.166702270508
2023-08-21,"IBM",133.985992431641
2023-08-22,"IBM",133.242034912109
2023-08-23,"IBM",135.050109863281
2023-08-24,"IBM",135.181945800781
2023-08-25,"IBM",136.877014160156
2023-08-28,"IBM",137.507965087891
2023-08-29,"IBM",137.912887573242
2023-08-30,"IBM",138.298980712891
2023-08-31,"IBM",138.270751953125
2023-09-01,"IBM",139.316055297852
2023-09-05,"IBM",139.494979858398
2023-09-06,"IBM",139.429046630859
2023-09-07,"IBM",138.920516967773
2023-09-08,"IBM",139.071197509766
2023-09-11,"IBM",139.730407714844
2023-09-12,"IBM",137.771621704102
2023-09-13,"IBM",138.007064819336
2023-09-14,"IBM",138.760467529297
2023-09-15,"IBM",137.479736328125
2023-09-18,"IBM",136.632171630859
2023-09-19,"IBM",137.97883605957
2023-09-20,"IBM",141.095855712891
2023-09-21,"IBM",138.788681030273
2023-09-22,"IBM",138.346099853516
2023-09-25,"IBM",137.941146850586
2023-09-26,"IBM",134.890029907227
2023-09-27,"IBM",134.824096679688
2023-09-28,"IBM",133.326797485352
2023-09-29,"IBM",132.12141418457
2023-10-02,"IBM",132.592269897461
2023-10-03,"IBM",132.206161499023
2023-10-04,"IBM",132.84651184082
2023-10-05,"IBM",133.270309448242
2023-10-06,"IBM",133.750549316406
2023-10-09,"IBM",133.910659790039
2023-10-10,"IBM",133.825912475586
2023-10-11,"IBM",134.880599975586
2023-10-12,"IBM",133.006637573242
2023-10-13,"IBM",130.388671875
2023-10-16,"IBM",131.094955444336
2023-10-17,"IBM",132.140243530273
2023-10-18,"IBM",131.810653686523
2023-10-19,"IBM",129.964904785156
2023-10-20,"IBM",129.164474487305
2023-10-23,"IBM",128.429916381836
2023-10-24,"IBM",129.757720947266
2023-10-25,"IBM",129.089111328125
2023-10-26,"IBM",135.379699707031
2023-10-27,"IBM",134.212005615234
2023-10-30,"IBM",134.31559753418
2023-10-31,"IBM",136.208419799805
2023-11-01,"IBM",136.924118041992
2023-11-02,"IBM",138.440246582031
2023-11-03,"IBM",139.278366088867
2023-11-06,"IBM",140.285995483398
2023-11-07,"IBM",140.154174804688
2023-11-08,"IBM",139.400802612305
2023-11-09,"IBM",139.638900756836
2023-11-10,"IBM",141.92463684082
2023-11-13,"IBM",141.048446655273
2023-11-14,"IBM",143.248458862305
2023-11-15,"IBM",145.315124511719
2023-11-16,"IBM",145.772247314453
2023-11-17,"IBM",145.6103515625
2023-11-20,"IBM",147.000854492188
2023-11-21,"IBM",146.581787109375
2023-11-22,"IBM",147.743713378906
2023-11-24,"IBM",147.791320800781
2023-11-27,"IBM",148.162750244141
2023-11-28,"IBM",148.238967895508
2023-11-29,"IBM",148.962753295898
2023-11-30,"IBM",151.010391235352
2023-12-01,"IBM",152.905654907227
2023-12-04,"IBM",153.429443359375
2023-12-05,"IBM",153.705642700195
2023-12-06,"IBM",152.648483276367
2023-12-07,"IBM",152.591369628906
2023-12-08,"IBM",154.248504638672
2023-12-11,"IBM",155.724700927734
2023-12-12,"IBM",156.867568969727
2023-12-13,"IBM",155.829467773438
2023-12-14,"IBM",155.153274536133
2023-12-15,"IBM",154.505661010742
2023-12-18,"IBM",154.991363525391
2023-12-19,"IBM",153.867553710938
2023-12-20,"IBM",152.429458618164
2023-12-21,"IBM",153.124694824219
2023-12-22,"IBM",154.419937133789
2023-12-26,"IBM",155.438995361328
2023-12-27,"IBM",155.67707824707
2023-12-28,"IBM",155.95329284668
2023-12-29,"IBM",155.762817382812
2024-01-02,"IBM",153.810409545898
2024-01-03,"IBM",152.47705078125
2024-01-04,"IBM",153.200866699219
2024-01-05,"IBM",151.581817626953
2024-01-08,"IBM",153.467559814453
2024-01-09,"IBM",152.458023071289
2024-01-10,"IBM",153.553268432617
2024-01-11,"IBM",154.438995361328
2024-01-12,"IBM",157.905670166016
2024-01-16,"IBM",159.010437011719
2024-01-17,"IBM",158.172348022461
2024-01-18,"IBM",158.896148681641
2024-01-19,"IBM",163.315231323242
2024-01-22,"IBM",164.600967407227
2024-01-23,"IBM",165.658081054688
2024-01-24,"IBM",165.648559570312
2024-01-25,"IBM",181.362945556641
2024-01-26,"IBM",178.49626159668
2024-01-29,"IBM",178.229598999023
2024-01-30,"IBM",178.924835205078
2024-01-31,"IBM",174.915283203125
2024-02-01,"IBM",178.001022338867
2024-02-02,"IBM",176.943878173828
2024-02-05,"IBM",174.686721801758
2024-02-06,"IBM",174.677200317383
2024-02-07,"IBM",174.991485595703
2024-02-08,"IBM",177.182708740234
2024-02-09,"IBM",179.085632324219
2024-02-12,"IBM",178.912643432617
2024-02-13,"IBM",176.548416137695
2024-02-14,"IBM",176.423477172852
2024-02-15,"IBM",179.595001220703
2024-02-16,"IBM",180.335006713867
2024-02-20,"IBM",176.298538208008
2024-02-21,"IBM",172.704132080078
2024-02-22,"IBM",177.03857421875
2024-02-23,"IBM",178.489776611328
2024-02-26,"IBM",176.961685180664
2024-02-27,"IBM",177.6728515625
2024-02-28,"IBM",178.086120605469
2024-02-29,"IBM",177.826629638672
2024-03-01,"IBM",180.87321472168
2024-03-04,"IBM",185.544036865234
2024-03-05,"IBM",184.477233886719
2024-03-06,"IBM",188.523345947266
2024-03-07,"IBM",188.888549804688
2024-03-08,"IBM",188.321517944336
2024-03-11,"IBM",184.265777587891
2024-03-12,"IBM",190.080261230469
2024-03-13,"IBM",189.042297363281
2024-03-14,"IBM",185.899627685547
2024-03-15,"IBM",183.63151550293
2024-03-18,"IBM",184.227355957031
2024-03-19,"IBM",185.813110351562
2024-03-20,"IBM",186.408981323242
2024-03-21,"IBM",184.429183959961
2024-03-22,"IBM",183.410446166992
2024-03-25,"IBM",181.440246582031
2024-03-26,"IBM",181.161544799805
2024-03-27,"IBM",183.372024536133
2024-03-28,"IBM",183.525787353516
2024-04-01,"IBM",182.439758300781
2024-04-02,"IBM",181.526748657227
2024-04-03,"IBM",183.46809387207
2024-04-04,"IBM",180.623352050781
2024-04-05,"IBM",181.776641845703
2024-04-08,"IBM",182.430145263672
2024-04-09,"IBM",181.940017700195
2024-04-10,"IBM",178.797302246094
2024-04-11,"IBM",178.662750244141
2024-04-12,"IBM",175.174087524414
2024-04-15,"IBM",174.193786621094
2024-04-16,"IBM",176.596450805664
2024-04-17,"IBM",175.971755981445
2024-04-18,"IBM",174.405227661133
2024-04-19,"IBM",174.510955810547
2024-04-22,"IBM",174.818481445312
2024-04-23,"IBM",175.097213745117
2024-04-24,"IBM",176.932861328125
2024-04-25,"IBM",162.334213256836
2024-04-26,"IBM",160.623504638672
2024-04-29,"IBM",160.911819458008
2024-04-30,"IBM",159.729690551758
2024-05-01,"IBM",158.028594970703
2024-05-02,"IBM",158.27848815918
2024-05-03,"IBM",159.2587890625
2024-05-06,"IBM",162.045883178711
2024-05-07,"IBM",161.824829101562
2024-05-08,"IBM",163.285659790039
2024-05-09,"IBM",161.383255004883
2024-05-10,"IBM",162.237380981445
2024-05-13,"IBM",162.635345458984
2024-05-14,"IBM",162.441223144531
2024-05-15,"IBM",163.31477355957
2024-05-16,"IBM",164.00390625
2024-05-17,"IBM",164.062133789062
2024-05-20,"IBM",164.925979614258
2024-05-21,"IBM",168.371658325195
2024-05-22,"IBM",168.585189819336
2024-05-23,"IBM",165.653945922852
2024-05-24,"IBM",165.867477416992
2024-05-28,"IBM",164.673629760742
2024-05-29,"IBM",162.140335083008
2024-05-30,"IBM",160.762084960938
2024-05-31,"IBM",161.946228027344
2024-06-03,"IBM",160.422348022461
2024-06-04,"IBM",160.936767578125
2024-06-05,"IBM",162.460632324219
2024-06-06,"IBM",163.256546020508
2024-06-07,"IBM",165.01335144043
2024-06-10,"IBM",165.372467041016
2024-06-11,"IBM",164.343627929688
2024-06-12,"IBM",164.03303527832
2024-06-13,"IBM",164.149505615234
2024-06-14,"IBM",164.236862182617
2024-06-17,"IBM",164.518325805664
2024-06-18,"IBM",165.537475585938
2024-06-20,"IBM",168.80842590332
2024-06-21,"IBM",167.391342163086
2024-06-24,"IBM",169.86637878418
2024-06-25,"IBM",167.527221679688
2024-06-26,"IBM",166.818664550781
2024-06-27,"IBM",165.828643798828
2024-06-28,"IBM",167.866928100586
2024-07-01,"IBM",169.953750610352
2024-07-02,"IBM",172.089080810547
2024-07-03,"IBM",170.565216064453
2024-07-05,"IBM",170.846710205078
2024-07-08,"IBM",172.419097900391
2024-07-09,"IBM",171.293182373047
2024-07-10,"IBM",172.613204956055
2024-07-11,"IBM",173.069412231445
2024-07-12,"IBM",177.45654296875
2024-07-15,"IBM",177.505096435547
2024-07-16,"IBM",180.348968505859
2024-07-17,"IBM",181.940765380859
2024-07-18,"IBM",179.776321411133
2024-07-19,"IBM",177.864212036133
2024-07-22,"IBM",178.737747192383
2024-07-23,"IBM",178.689254760742
2024-07-24,"IBM",178.611572265625
2024-07-25,"IBM",186.337646484375
2024-07-26,"IBM",186.114410400391
2024-07-29,"IBM",185.871734619141
2024-07-30,"IBM",185.425262451172
2024-07-31,"IBM",186.492950439453
2024-08-01,"IBM",184.085815429688
2024-08-02,"IBM",183.561676025391
2024-08-05,"IBM",177.922439575195
2024-08-06,"IBM",181.30989074707
2024-08-07,"IBM",181.30989074707
2024-08-08,"IBM",186.949111938477
2024-08-09,"IBM",187.448471069336
2024-08-12,"IBM",185.519622802734
2024-08-13,"IBM",186.998077392578
2024-08-14,"IBM",188.300277709961
2024-08-15,"IBM",189.896194458008
2024-08-16,"IBM",189.729751586914
2024-08-19,"IBM",190.659896850586
2024-08-20,"IBM",191.932739257812
2024-08-21,"IBM",193.088088989258
2024-08-22,"IBM",191.864212036133
2024-08-23,"IBM",192.001281738281
2024-08-26,"IBM",193.84196472168
2024-08-27,"IBM",194.576293945312
2024-08-28,"IBM",194.311950683594
2024-08-29,"IBM",194.742752075195
2024-08-30,"IBM",197.905242919922
2024-09-03,"IBM",197.072998046875
2024-09-04,"IBM",199.843841552734
2024-09-05,"IBM",198.355606079102
2024-09-06,"IBM",196.544311523438
2024-09-09,"IBM",199.275970458984
2024-09-10,"IBM",201.028579711914
2024-09-11,"IBM",205.503051757812
2024-09-12,"IBM",207.187103271484
2024-09-13,"IBM",210.300628662109
2024-09-16,"IBM",212.62109375
2024-09-17,"IBM",209.654418945312
2024-09-18,"IBM",210.447509765625
2024-09-19,"IBM",209.41943359375
2024-09-20,"IBM",213.149810791016
2024-09-23,"IBM",215.89128112793
2024-09-24,"IBM",216.351440429688
2024-09-25,"IBM",216.606033325195
2024-09-26,"IBM",218.760025024414
2024-09-27,"IBM",216.224166870117
2024-09-30,"IBM",216.459167480469
2024-10-01,"IBM",214.765335083008
2024-10-02,"IBM",215.137359619141
2024-10-03,"IBM",218.064865112305
2024-10-04,"IBM",221.276336669922
2024-10-07,"IBM",222.372909545898
2024-10-08,"IBM",223.841552734375
2024-10-09,"IBM",229.402847290039
2024-10-10,"IBM",228.149612426758
2024-10-11,"IBM",228.384567260742
2024-10-14,"IBM",230.3427734375
2024-10-15,"IBM",228.090850830078
2024-10-16,"IBM",228.786010742188
2024-10-17,"IBM",228.01252746582
2024-10-18,"IBM",227.346740722656
2024-10-21,"IBM",226.906143188477
2024-10-22,"IBM",227.395690917969
2024-10-23,"IBM",227.885238647461
2024-10-24,"IBM",213.825378417969
2024-10-25,"IBM",210.183135986328
2024-10-28,"IBM",208.459915161133
2024-10-29,"IBM",206.03173828125
2024-10-30,"IBM",200.617324829102
2024-10-31,"IBM",202.399307250977
2024-11-01,"IBM",203.897323608398
2024-11-04,"IBM",202.007659912109
2024-11-05,"IBM",203.231536865234
2024-11-06,"IBM",209.135498046875
2024-11-07,"IBM",209.223617553711
2024-11-08,"IBM",209.253005981445
2024-11-11,"IBM",209.106140136719
2024-11-12,"IBM",208.079833984375
2024-11-13,"IBM",208.139053344727
2024-11-14,"IBM",206.234497070312
2024-11-15,"IBM",202.287246704102
2024-11-18,"IBM",205.346374511719
2024-11-19,"IBM",207.477890014648
2024-11-20,"IBM",211.770538330078
2024-11-21,"IBM",219.467681884766
2024-11-22,"IBM",220.030181884766
2024-11-25,"IBM",223.148513793945
2024-11-26,"IBM",225.812911987305
2024-11-27,"IBM",223.928100585938
2024-11-29,"IBM",224.411636352539
2024-12-02,"IBM",224.391906738281
2024-12-03,"IBM",225.980682373047
2024-12-04,"IBM",230.411468505859
2024-12-05,"IBM",231.654861450195
2024-12-06,"IBM",234.901473999023
2024-12-09,"IBM",226.967483520508
2024-12-10,"IBM",228.664810180664
2024-12-11,"IBM",227.085906982422
2024-12-12,"IBM",229.197692871094
2024-12-13,"IBM",227.776672363281
2024-12-16,"IBM",226.30632019043
2024-12-17,"IBM",225.951080322266
2024-12-18,"IBM",217.26708984375
2024-12-19,"IBM",220.967651367188
2024-12-20,"IBM",220.4150390625
2024-12-23,"IBM",219.003875732422
2024-12-24,"IBM",221.451187133789
2024-12-26,"IBM",221.924850463867
2024-12-27,"IBM",219.842681884766
2024-12-30,"IBM",217.346038818359
2024-12-31,"IBM",216.931579589844
2025-01-02,"IBM",217.040130615234
2025-01-03,"IBM",219.714385986328
2025-01-06,"IBM",219.734130859375
2025-01-07,"IBM",221.007125854492
2025-01-08,"IBM",220.237396240234
2025-01-10,"IBM",216.852630615234
2025-01-13,"IBM",214.533615112305
2025-01-14,"IBM",214.878997802734
2025-01-15,"IBM",217.128936767578
2025-01-16,"IBM",219.724258422852
2025-01-17,"IBM",221.826171875
2025-01-21,"IBM",221.303161621094
2025-01-22,"IBM",220.316345214844
2025-01-23,"IBM",223.059692382812
2025-01-24,"IBM",221.836044311523
2025-01-27,"IBM",221.174896240234
2025-01-28,"IBM",222.684707641602
2025-01-29,"IBM",225.61555480957
2025-01-30,"IBM",254.864730834961
2025-01-31,"IBM",252.328628540039
2025-02-03,"IBM",257.292327880859
2025-02-04,"IBM",260.97314453125
2025-02-05,"IBM",259.828399658203
2025-02-06,"IBM",250.098434448242
2025-02-07,"IBM",249.012924194336
2025-02-10,"IBM",247.622207641602
2025-02-11,"IBM",253.016296386719
2025-02-12,"IBM",254.118957519531
2025-02-13,"IBM",257.476623535156
2025-02-14,"IBM",259.552795410156
2025-02-18,"IBM",261.330993652344
2025-02-19,"IBM",262.572723388672
2025-02-20,"IBM",262.989929199219
2025-02-21,"IBM",259.751495361328
2025-02-24,"IBM",260.138885498047
2025-02-25,"IBM",256.046142578125
2025-02-26,"IBM",254.14875793457
2025-02-27,"IBM",251.556015014648
2025-02-28,"IBM",250.771240234375
2025-03-03,"IBM",248.536117553711
2025-03-04,"IBM",251.536163330078
2025-03-05,"IBM",249.688461303711
2025-03-06,"IBM",247.046035766602
2025-03-07,"IBM",259.811096191406
2025-03-10,"IBM",255.201751708984
2025-03-11,"IBM",247.304306030273
2025-03-12,"IBM",247.979827880859
2025-03-13,"IBM",244.175140380859
2025-03-14,"IBM",246.708282470703
2025-03-17,"IBM",251.297744750977
2025-03-18,"IBM",245.317535400391
2025-03-19,"IBM",250.622222900391
2025-03-20,"IBM",241.711532592773
2025-03-21,"IBM",242.257888793945
2025-03-24,"IBM",246.8076171875
2025-03-25,"IBM",248.248031616211
2025-03-26,"IBM",248.685119628906
2025-03-27,"IBM",244.582427978516
2025-03-28,"IBM",242.38703918457
2025-03-31,"IBM",247.016235351562
2025-04-01,"IBM",248.685119628906
2025-04-02,"IBM",248.327499389648
2025-04-03,"IBM",241.880416870117
2025-04-04,"IBM",225.97624206543
2025-04-07,"IBM",224.287475585938
2025-04-08,"IBM",219.568878173828
2025-04-09,"IBM",233.754470825195
2025-04-10,"IBM",228.032562255859
2025-04-11,"IBM",233.923355102539
2025-04-14,"IBM",237.479690551758
2025-04-15,"IBM",239.108840942383
2025-04-16,"IBM",236.992935180664
2025-04-17,"IBM",237.231338500977
2025-04-21,"IBM",234.658462524414
2025-04-22,"IBM",239.307525634766
2025-04-23,"IBM",243.85725402832
2025-04-24,"IBM",227.814010620117
2025-04-25,"IBM",230.873657226562
2025-04-28,"IBM",234.598861694336
2025-04-29,"IBM",237.807510375977
2025-04-30,"IBM",240.221450805664
2020-01-02,"NOW",291.239990234375
2020-01-03,"NOW",291.100006103516
2020-01-06,"NOW",292.869995117188
2020-01-07,"NOW",292.910003662109
2020-01-08,"NOW",295.649993896484
2020-01-09,"NOW",299.309997558594
2020-01-10,"NOW",298.880004882812
2020-01-13,"NOW",303.850006103516
2020-01-14,"NOW",301.5
2020-01-15,"NOW",304.869995117188
2020-01-16,"NOW",310.019989013672
2020-01-17,"NOW",312.519989013672
2020-01-21,"NOW",312.980010986328
2020-01-22,"NOW",312.850006103516
2020-01-23,"NOW",311.459991455078
2020-01-24,"NOW",309.390014648438
2020-01-27,"NOW",307.630004882812
2020-01-28,"NOW",314.049987792969
2020-01-29,"NOW",312.929992675781
2020-01-30,"NOW",341.619995117188
2020-01-31,"NOW",338.230010986328
2020-02-03,"NOW",343.200012207031
2020-02-04,"NOW",352.029998779297
2020-02-05,"NOW",338.5
2020-02-06,"NOW",341.700012207031
2020-02-07,"NOW",341.059997558594
2020-02-10,"NOW",342.769989013672
2020-02-11,"NOW",343.570007324219
2020-02-12,"NOW",349.799987792969
2020-02-13,"NOW",351.809997558594
2020-02-14,"NOW",356.160003662109
2020-02-18,"NOW",357.489990234375
2020-02-19,"NOW",357.720001220703
2020-02-20,"NOW",352.940002441406
2020-02-21,"NOW",344.480010986328
2020-02-24,"NOW",333.559997558594
2020-02-25,"NOW",329.720001220703
2020-02-26,"NOW",334.269989013672
2020-02-27,"NOW",320.100006103516
2020-02-28,"NOW",326.089996337891
2020-03-02,"NOW",344.399993896484
2020-03-03,"NOW",329.630004882812
2020-03-04,"NOW",345.070007324219
2020-03-05,"NOW",329.329986572266
2020-03-06,"NOW",317.239990234375
2020-03-09,"NOW",292.089996337891
2020-03-10,"NOW",312.799987792969
2020-03-11,"NOW",290.630004882812
2020-03-12,"NOW",262.119995117188
2020-03-13,"NOW",287.670013427734
2020-03-16,"NOW",265.429992675781
2020-03-17,"NOW",287.420013427734
2020-03-18,"NOW",278.160003662109
2020-03-19,"NOW",277.660003662109
2020-03-20,"NOW",254.699996948242
2020-03-23,"NOW",255.320007324219
2020-03-24,"NOW",272
2020-03-25,"NOW",264.670013427734
2020-03-26,"NOW",294.730010986328
2020-03-27,"NOW",274
2020-03-30,"NOW",286.390014648438
2020-03-31,"NOW",286.579986572266
2020-04-01,"NOW",273.070007324219
2020-04-02,"NOW",259
2020-04-03,"NOW",249.570007324219
2020-04-06,"NOW",269.950012207031
2020-04-07,"NOW",262.350006103516
2020-04-08,"NOW",274.049987792969
2020-04-09,"NOW",278.059997558594
2020-04-13,"NOW",283.559997558594
2020-04-14,"NOW",302.089996337891
2020-04-15,"NOW",295.920013427734
2020-04-16,"NOW",291.940002441406
2020-04-17,"NOW",299.589996337891
2020-04-20,"NOW",302.459991455078
2020-04-21,"NOW",288.769989013672
2020-04-22,"NOW",299.609985351562
2020-04-23,"NOW",297.309997558594
2020-04-24,"NOW",302.940002441406
2020-04-27,"NOW",308.600006103516
2020-04-28,"NOW",296
2020-04-29,"NOW",321.989990234375
2020-04-30,"NOW",351.540008544922
2020-05-01,"NOW",339.510009765625
2020-05-04,"NOW",354.640014648438
2020-05-05,"NOW",370.640014648438
2020-05-06,"NOW",365.390014648438
2020-05-07,"NOW",381.829986572266
2020-05-08,"NOW",377.260009765625
2020-05-11,"NOW",383.649993896484
2020-05-12,"NOW",365.600006103516
2020-05-13,"NOW",361.290008544922
2020-05-14,"NOW",367.829986572266
2020-05-15,"NOW",370.459991455078
2020-05-18,"NOW",374.869995117188
2020-05-19,"NOW",382.880004882812
2020-05-20,"NOW",390.160003662109
2020-05-21,"NOW",383.640014648438
2020-05-22,"NOW",387.959991455078
2020-05-26,"NOW",380.670013427734
2020-05-27,"NOW",371.160003662109
2020-05-28,"NOW",377.980010986328
2020-05-29,"NOW",387.929992675781
2020-06-01,"NOW",383.369995117188
2020-06-02,"NOW",392.899993896484
2020-06-03,"NOW",388.089996337891
2020-06-04,"NOW",376.950012207031
2020-06-05,"NOW",390.459991455078
2020-06-08,"NOW",386.640014648438
2020-06-09,"NOW",388.829986572266
2020-06-10,"NOW",401.660003662109
2020-06-11,"NOW",375.049987792969
2020-06-12,"NOW",385.130004882812
2020-06-15,"NOW",392.5
2020-06-16,"NOW",398.459991455078
2020-06-17,"NOW",400.649993896484
2020-06-18,"NOW",401.029998779297
2020-06-19,"NOW",399.869995117188
2020-06-22,"NOW",402.820007324219
2020-06-23,"NOW",400.940002441406
2020-06-24,"NOW",392.929992675781
2020-06-25,"NOW",401.640014648438
2020-06-26,"NOW",399.970001220703
2020-06-29,"NOW",394.549987792969
2020-06-30,"NOW",405.059997558594
2020-07-01,"NOW",416.790008544922
2020-07-02,"NOW",414.209991455078
2020-07-06,"NOW",416.440002441406
2020-07-07,"NOW",411.739990234375
2020-07-08,"NOW",425.200012207031
2020-07-09,"NOW",426.369995117188
2020-07-10,"NOW",422.910003662109
2020-07-13,"NOW",401.869995117188
2020-07-14,"NOW",413.230010986328
2020-07-15,"NOW",423.559997558594
2020-07-16,"NOW",413.880004882812
2020-07-17,"NOW",421.809997558594
2020-07-20,"NOW",449.269989013672
2020-07-21,"NOW",437.220001220703
2020-07-22,"NOW",441.600006103516
2020-07-23,"NOW",430.850006103516
2020-07-24,"NOW",425.190002441406
2020-07-27,"NOW",433.809997558594
2020-07-28,"NOW",435.040008544922
2020-07-29,"NOW",445.709991455078
2020-07-30,"NOW",431.399993896484
2020-07-31,"NOW",439.200012207031
2020-08-03,"NOW",439.959991455078
2020-08-04,"NOW",438.149993896484
2020-08-05,"NOW",435.739990234375
2020-08-06,"NOW",430.329986572266
2020-08-07,"NOW",431.209991455078
2020-08-10,"NOW",438.679992675781
2020-08-11,"NOW",421.359985351562
2020-08-12,"NOW",427.130004882812
2020-08-13,"NOW",438.420013427734
2020-08-14,"NOW",435.730010986328
2020-08-17,"NOW",442.369995117188
2020-08-18,"NOW",437.579986572266
2020-08-19,"NOW",437.130004882812
2020-08-20,"NOW",453.339996337891
2020-08-21,"NOW",449.420013427734
2020-08-24,"NOW",448.100006103516
2020-08-25,"NOW",457.929992675781
2020-08-26,"NOW",487.700012207031
2020-08-27,"NOW",480.549987792969
2020-08-28,"NOW",487.869995117188
2020-08-31,"NOW",482.019989013672
2020-09-01,"NOW",497.190002441406
2020-09-02,"NOW",499.690002441406
2020-09-03,"NOW",468.839996337891
2020-09-04,"NOW",450.350006103516
2020-09-08,"NOW",443.140014648438
2020-09-09,"NOW",458.200012207031
2020-09-10,"NOW",452.980010986328
2020-09-11,"NOW",445.899993896484
2020-09-14,"NOW",458.059997558594
2020-09-15,"NOW",473.959991455078
2020-09-16,"NOW",456.010009765625
2020-09-17,"NOW",453.799987792969
2020-09-18,"NOW",453.089996337891
2020-09-21,"NOW",461.880004882812
2020-09-22,"NOW",470.570007324219
2020-09-23,"NOW",460.470001220703
2020-09-24,"NOW",460.119995117188
2020-09-25,"NOW",479.970001220703
2020-09-28,"NOW",484.209991455078
2020-09-29,"NOW",487.980010986328
2020-09-30,"NOW",485
2020-10-01,"NOW",492.519989013672
2020-10-02,"NOW",493.149993896484
2020-10-05,"NOW",501.790008544922
2020-10-06,"NOW",491.540008544922
2020-10-07,"NOW",500
2020-10-08,"NOW",496.5
2020-10-09,"NOW",508.609985351562
2020-10-12,"NOW",509.089996337891
2020-10-13,"NOW",518.299987792969
2020-10-14,"NOW",516.890014648438
2020-10-15,"NOW",520.679992675781
2020-10-16,"NOW",524.869995117188
2020-10-19,"NOW",521.950012207031
2020-10-20,"NOW",518.190002441406
2020-10-21,"NOW",510.279998779297
2020-10-22,"NOW",505.959991455078
2020-10-23,"NOW",514.010009765625
2020-10-26,"NOW",501.609985351562
2020-10-27,"NOW",499.809997558594
2020-10-28,"NOW",484.049987792969
2020-10-29,"NOW",510.589996337891
2020-10-30,"NOW",497.570007324219
2020-11-02,"NOW",476
2020-11-03,"NOW",480.049987792969
2020-11-04,"NOW",513.580017089844
2020-11-05,"NOW",531.080017089844
2020-11-06,"NOW",535.179992675781
2020-11-09,"NOW",501.959991455078
2020-11-10,"NOW",481.279998779297
2020-11-11,"NOW",503.359985351562
2020-11-12,"NOW",509.779998779297
2020-11-13,"NOW",508.010009765625
2020-11-16,"NOW",502.279998779297
2020-11-17,"NOW",513.099975585938
2020-11-18,"NOW",507.119995117188
2020-11-19,"NOW",514.330017089844
2020-11-20,"NOW",518.059997558594
2020-11-23,"NOW",522.109985351562
2020-11-24,"NOW",514.690002441406
2020-11-25,"NOW",519.219970703125
2020-11-27,"NOW",527.47998046875
2020-11-30,"NOW",534.549987792969
2020-12-01,"NOW",539.590026855469
2020-12-02,"NOW",526.52001953125
2020-12-03,"NOW",525.239990234375
2020-12-04,"NOW",525.700012207031
2020-12-07,"NOW",533.25
2020-12-08,"NOW",542.25
2020-12-09,"NOW",527.989990234375
2020-12-10,"NOW",538
2020-12-11,"NOW",537.359985351562
2020-12-14,"NOW",532.47998046875
2020-12-15,"NOW",527.380004882812
2020-12-16,"NOW",545
2020-12-17,"NOW",554.070007324219
2020-12-18,"NOW",565.429992675781
2020-12-21,"NOW",550.820007324219
2020-12-22,"NOW",561.719970703125
2020-12-23,"NOW",550.059997558594
2020-12-24,"NOW",553.890014648438
2020-12-28,"NOW",543.739990234375
2020-12-29,"NOW",545.97998046875
2020-12-30,"NOW",547.380004882812
2020-12-31,"NOW",550.429992675781
2021-01-04,"NOW",526.830017089844
2021-01-05,"NOW",531.969970703125
2021-01-06,"NOW",507.25
2021-01-07,"NOW",511.410003662109
2021-01-08,"NOW",529.640014648438
2021-01-11,"NOW",523.059997558594
2021-01-12,"NOW",513.210021972656
2021-01-13,"NOW",521.710021972656
2021-01-14,"NOW",514.340026855469
2021-01-15,"NOW",513.760009765625
2021-01-19,"NOW",519.419982910156
2021-01-20,"NOW",542.190002441406
2021-01-21,"NOW",544.330017089844
2021-01-22,"NOW",541.090026855469
2021-01-25,"NOW",537.880004882812
2021-01-26,"NOW",532.460021972656
2021-01-27,"NOW",516.5
2021-01-28,"NOW",554.239990234375
2021-01-29,"NOW",543.159973144531
2021-02-01,"NOW",558.559997558594
2021-02-02,"NOW",583.510009765625
2021-02-03,"NOW",576.650024414062
2021-02-04,"NOW",588.97998046875
2021-02-05,"NOW",589.72998046875
2021-02-08,"NOW",587.909973144531
2021-02-09,"NOW",581.780029296875
2021-02-10,"NOW",589.359985351562
2021-02-11,"NOW",594.469970703125
2021-02-12,"NOW",591.289978027344
2021-02-16,"NOW",585.739990234375
2021-02-17,"NOW",580.940002441406
2021-02-18,"NOW",575.799987792969
2021-02-19,"NOW",570.72998046875
2021-02-22,"NOW",550.260009765625
2021-02-23,"NOW",551.75
2021-02-24,"NOW",551.830017089844
2021-02-25,"NOW",528.789978027344
2021-02-26,"NOW",533.460021972656
2021-03-01,"NOW",556.469970703125
2021-03-02,"NOW",549.299987792969
2021-03-03,"NOW",516
2021-03-04,"NOW",490.630004882812
2021-03-05,"NOW",486.959991455078
2021-03-08,"NOW",464.049987792969
2021-03-09,"NOW",488.950012207031
2021-03-10,"NOW",474
2021-03-11,"NOW",502.869995117188
2021-03-12,"NOW",489.220001220703
2021-03-15,"NOW",496.769989013672
2021-03-16,"NOW",498.989990234375
2021-03-17,"NOW",485
2021-03-18,"NOW",466.179992675781
2021-03-19,"NOW",470.839996337891
2021-03-22,"NOW",476.649993896484
2021-03-23,"NOW",478.170013427734
2021-03-24,"NOW",472.320007324219
2021-03-25,"NOW",472.179992675781
2021-03-26,"NOW",495
2021-03-29,"NOW",485.390014648438
2021-03-30,"NOW",487.570007324219
2021-03-31,"NOW",500.109985351562
2021-04-01,"NOW",507.010009765625
2021-04-05,"NOW",514.02001953125
2021-04-06,"NOW",509.079986572266
2021-04-07,"NOW",510.730010986328
2021-04-08,"NOW",524.039978027344
2021-04-09,"NOW",530
2021-04-12,"NOW",537
2021-04-13,"NOW",548.929992675781
2021-04-14,"NOW",544.840026855469
2021-04-15,"NOW",559.349975585938
2021-04-16,"NOW",556.909973144531
2021-04-19,"NOW",549.369995117188
2021-04-20,"NOW",540.780029296875
2021-04-21,"NOW",546.469970703125
2021-04-22,"NOW",548.489990234375
2021-04-23,"NOW",552.700012207031
2021-04-26,"NOW",559.210021972656
2021-04-27,"NOW",562.630004882812
2021-04-28,"NOW",557.239990234375
2021-04-29,"NOW",505
2021-04-30,"NOW",506.369995117188
2021-05-03,"NOW",490.320007324219
2021-05-04,"NOW",483.299987792969
2021-05-05,"NOW",479.970001220703
2021-05-06,"NOW",485.839996337891
2021-05-07,"NOW",483.510009765625
2021-05-10,"NOW",466.799987792969
2021-05-11,"NOW",481.5
2021-05-12,"NOW",464.709991455078
2021-05-13,"NOW",454.980010986328
2021-05-14,"NOW",460.329986572266
2021-05-17,"NOW",454.399993896484
2021-05-18,"NOW",457.220001220703
2021-05-19,"NOW",459.760009765625
2021-05-20,"NOW",471.130004882812
2021-05-21,"NOW",469.470001220703
2021-05-24,"NOW",476.359985351562
2021-05-25,"NOW",479.899993896484
2021-05-26,"NOW",485.410003662109
2021-05-27,"NOW",479.220001220703
2021-05-28,"NOW",473.880004882812
2021-06-01,"NOW",469.170013427734
2021-06-02,"NOW",467.010009765625
2021-06-03,"NOW",459.200012207031
2021-06-04,"NOW",460.649993896484
2021-06-07,"NOW",459.459991455078
2021-06-08,"NOW",460.760009765625
2021-06-09,"NOW",464.709991455078
2021-06-10,"NOW",489.130004882812
2021-06-11,"NOW",498.010009765625
2021-06-14,"NOW",509.339996337891
2021-06-15,"NOW",505.429992675781
2021-06-16,"NOW",510.079986572266
2021-06-17,"NOW",530.400024414062
2021-06-18,"NOW",533.739990234375
2021-06-21,"NOW",534.75
2021-06-22,"NOW",546.030029296875
2021-06-23,"NOW",550.200012207031
2021-06-24,"NOW",552.070007324219
2021-06-25,"NOW",544.989990234375
2021-06-28,"NOW",552.169982910156
2021-06-29,"NOW",558.590026855469
2021-06-30,"NOW",549.549987792969
2021-07-01,"NOW",545.169982910156
2021-07-02,"NOW",551.830017089844
2021-07-06,"NOW",558.489990234375
2021-07-07,"NOW",561.780029296875
2021-07-08,"NOW",560.469970703125
2021-07-09,"NOW",566.369995117188
2021-07-12,"NOW",561.929992675781
2021-07-13,"NOW",559.330017089844
2021-07-14,"NOW",562.940002441406
2021-07-15,"NOW",558.280029296875
2021-07-16,"NOW",556.359985351562
2021-07-19,"NOW",555.090026855469
2021-07-20,"NOW",565.25
2021-07-21,"NOW",567.130004882812
2021-07-22,"NOW",576.700012207031
2021-07-23,"NOW",586.179992675781
2021-07-26,"NOW",584.200012207031
2021-07-27,"NOW",582.289978027344
2021-07-28,"NOW",583.349975585938
2021-07-29,"NOW",586.429992675781
2021-07-30,"NOW",587.890014648438
2021-08-02,"NOW",584.669982910156
2021-08-03,"NOW",584.659973144531
2021-08-04,"NOW",593.469970703125
2021-08-05,"NOW",595.5
2021-08-06,"NOW",590.679992675781
2021-08-09,"NOW",587.960021972656
2021-08-10,"NOW",575.799987792969
2021-08-11,"NOW",570.200012207031
2021-08-12,"NOW",581.570007324219
2021-08-13,"NOW",587.830017089844
2021-08-16,"NOW",580.219970703125
2021-08-17,"NOW",582.239990234375
2021-08-18,"NOW",581.950012207031
2021-08-19,"NOW",586.919982910156
2021-08-20,"NOW",600.52001953125
2021-08-23,"NOW",619.429992675781
2021-08-24,"NOW",621.849975585938
2021-08-25,"NOW",621.070007324219
2021-08-26,"NOW",624.030029296875
2021-08-27,"NOW",632.400024414062
2021-08-30,"NOW",641.650024414062
2021-08-31,"NOW",643.640014648438
2021-09-01,"NOW",650.849975585938
2021-09-02,"NOW",660.309997558594
2021-09-03,"NOW",678.630004882812
2021-09-07,"NOW",661.090026855469
2021-09-08,"NOW",653.799987792969
2021-09-09,"NOW",650.190002441406
2021-09-10,"NOW",647.97998046875
2021-09-13,"NOW",639.080017089844
2021-09-14,"NOW",645.419982910156
2021-09-15,"NOW",652.150024414062
2021-09-16,"NOW",656.349975585938
2021-09-17,"NOW",651.030029296875
2021-09-20,"NOW",648.72998046875
2021-09-21,"NOW",654.200012207031
2021-09-22,"NOW",662.650024414062
2021-09-23,"NOW",664.219970703125
2021-09-24,"NOW",666.309997558594
2021-09-27,"NOW",649.559997558594
2021-09-28,"NOW",612.52001953125
2021-09-29,"NOW",618.02001953125
2021-09-30,"NOW",622.27001953125
2021-10-01,"NOW",632.799987792969
2021-10-04,"NOW",617.969970703125
2021-10-05,"NOW",633.419982910156
2021-10-06,"NOW",629.359985351562
2021-10-07,"NOW",637.919982910156
2021-10-08,"NOW",617.580017089844
2021-10-11,"NOW",615.849975585938
2021-10-12,"NOW",629.130004882812
2021-10-13,"NOW",639.409973144531
2021-10-14,"NOW",653.030029296875
2021-10-15,"NOW",663.179992675781
2021-10-18,"NOW",666.219970703125
2021-10-19,"NOW",680.25
2021-10-20,"NOW",681.109985351562
2021-10-21,"NOW",686.340026855469
2021-10-22,"NOW",686.650024414062
2021-10-25,"NOW",688.849975585938
2021-10-26,"NOW",676.710021972656
2021-10-27,"NOW",664.760009765625
2021-10-28,"NOW",687.700012207031
2021-10-29,"NOW",697.760009765625
2021-11-01,"NOW",681.97998046875
2021-11-02,"NOW",686.590026855469
2021-11-03,"NOW",687.669982910156
2021-11-04,"NOW",701.72998046875
2021-11-05,"NOW",692.010009765625
2021-11-08,"NOW",692.280029296875
2021-11-09,"NOW",691.27001953125
2021-11-10,"NOW",670.909973144531
2021-11-11,"NOW",679.25
2021-11-12,"NOW",691.400024414062
2021-11-15,"NOW",682.570007324219
2021-11-16,"NOW",692.549987792969
2021-11-17,"NOW",684.929992675781
2021-11-18,"NOW",675.840026855469
2021-11-19,"NOW",675.969970703125
2021-11-22,"NOW",656.380004882812
2021-11-23,"NOW",636.909973144531
2021-11-24,"NOW",649.309997558594
2021-11-26,"NOW",649.549987792969
2021-11-29,"NOW",672.820007324219
2021-11-30,"NOW",647.700012207031
2021-12-01,"NOW",599.570007324219
2021-12-02,"NOW",623.369995117188
2021-12-03,"NOW",613.109985351562
2021-12-06,"NOW",616.539978027344
2021-12-07,"NOW",663.390014648438
2021-12-08,"NOW",665.809997558594
2021-12-09,"NOW",642.150024414062
2021-12-10,"NOW",647
2021-12-13,"NOW",655.940002441406
2021-12-14,"NOW",624.690002441406
2021-12-15,"NOW",647.039978027344
2021-12-16,"NOW",608.97998046875
2021-12-17,"NOW",615.630004882812
2021-12-20,"NOW",605.369995117188
2021-12-21,"NOW",631.320007324219
2021-12-22,"NOW",643.929992675781
2021-12-23,"NOW",648.570007324219
2021-12-27,"NOW",663.280029296875
2021-12-28,"NOW",654
2021-12-29,"NOW",654.580017089844
2021-12-30,"NOW",654.539978027344
2021-12-31,"NOW",649.109985351562
2022-01-03,"NOW",630.140014648438
2022-01-04,"NOW",603.940002441406
2022-01-05,"NOW",572.760009765625
2022-01-06,"NOW",574.039978027344
2022-01-07,"NOW",566.390014648438
2022-01-10,"NOW",572
2022-01-11,"NOW",578.440002441406
2022-01-12,"NOW",573.390014648438
2022-01-13,"NOW",521.260009765625
2022-01-14,"NOW",531.02001953125
2022-01-18,"NOW",522.340026855469
2022-01-19,"NOW",521.289978027344
2022-01-20,"NOW",515
2022-01-21,"NOW",507.739990234375
2022-01-24,"NOW",525.840026855469
2022-01-25,"NOW",495.079986572266
2022-01-26,"NOW",484.420013427734
2022-01-27,"NOW",528.690002441406
2022-01-28,"NOW",561.080017089844
2022-01-31,"NOW",585.780029296875
2022-02-01,"NOW",586.539978027344
2022-02-02,"NOW",581.150024414062
2022-02-03,"NOW",560.849975585938
2022-02-04,"NOW",577.52001953125
2022-02-07,"NOW",573.200012207031
2022-02-08,"NOW",591.27001953125
2022-02-09,"NOW",613.969970703125
2022-02-10,"NOW",610.460021972656
2022-02-11,"NOW",583.719970703125
2022-02-14,"NOW",579.580017089844
2022-02-15,"NOW",591.659973144531
2022-02-16,"NOW",590.890014648438
2022-02-17,"NOW",565.75
2022-02-18,"NOW",556.010009765625
2022-02-22,"NOW",550.150024414062
2022-02-23,"NOW",524.700012207031
2022-02-24,"NOW",573.950012207031
2022-02-25,"NOW",580.22998046875
2022-02-28,"NOW",579.919982910156
2022-03-01,"NOW",571.070007324219
2022-03-02,"NOW",587.059997558594
2022-03-03,"NOW",562.309997558594
2022-03-04,"NOW",547.070007324219
2022-03-07,"NOW",519.619995117188
2022-03-08,"NOW",518.200012207031
2022-03-09,"NOW",559.580017089844
2022-03-10,"NOW",533.590026855469
2022-03-11,"NOW",512.150024414062
2022-03-14,"NOW",495.100006103516
2022-03-15,"NOW",514.219970703125
2022-03-16,"NOW",547.400024414062
2022-03-17,"NOW",566.679992675781
2022-03-18,"NOW",579.880004882812
2022-03-21,"NOW",569.799987792969
2022-03-22,"NOW",588.659973144531
2022-03-23,"NOW",567.960021972656
2022-03-24,"NOW",581.090026855469
2022-03-25,"NOW",561.869995117188
2022-03-28,"NOW",582.760009765625
2022-03-29,"NOW",597.75
2022-03-30,"NOW",573.989990234375
2022-03-31,"NOW",556.890014648438
2022-04-01,"NOW",548.690002441406
2022-04-04,"NOW",574.820007324219
2022-04-05,"NOW",553.219970703125
2022-04-06,"NOW",527.950012207031
2022-04-07,"NOW",529.780029296875
2022-04-08,"NOW",515.599975585938
2022-04-11,"NOW",511.420013427734
2022-04-12,"NOW",510.209991455078
2022-04-13,"NOW",526.070007324219
2022-04-14,"NOW",507.329986572266
2022-04-18,"NOW",497.529998779297
2022-04-19,"NOW",514.400024414062
2022-04-20,"NOW",505.220001220703
2022-04-21,"NOW",491.670013427734
2022-04-22,"NOW",471.399993896484
2022-04-25,"NOW",472.269989013672
2022-04-26,"NOW",456
2022-04-27,"NOW",466.290008544922
2022-04-28,"NOW",504.019989013672
2022-04-29,"NOW",478.100006103516
2022-05-02,"NOW",484.5
2022-05-03,"NOW",481.859985351562
2022-05-04,"NOW",499.459991455078
2022-05-05,"NOW",469.329986572266
2022-05-06,"NOW",456.739990234375
2022-05-09,"NOW",425.869995117188
2022-05-10,"NOW",432.320007324219
2022-05-11,"NOW",420.359985351562
2022-05-12,"NOW",432.940002441406
2022-05-13,"NOW",452.649993896484
2022-05-16,"NOW",432.929992675781
2022-05-17,"NOW",432.850006103516
2022-05-18,"NOW",412.25
2022-05-19,"NOW",426.760009765625
2022-05-20,"NOW",433.029998779297
2022-05-23,"NOW",430.119995117188
2022-05-24,"NOW",419.649993896484
2022-05-25,"NOW",452.290008544922
2022-05-26,"NOW",454.869995117188
2022-05-27,"NOW",476.290008544922
2022-05-31,"NOW",467.470001220703
2022-06-01,"NOW",475.130004882812
2022-06-02,"NOW",504.799987792969
2022-06-03,"NOW",492.480010986328
2022-06-06,"NOW",492.540008544922
2022-06-07,"NOW",506.429992675781
2022-06-08,"NOW",505.420013427734
2022-06-09,"NOW",492.220001220703
2022-06-10,"NOW",473.149993896484
2022-06-13,"NOW",440.369995117188
2022-06-14,"NOW",444.75
2022-06-15,"NOW",465.950012207031
2022-06-16,"NOW",428.079986572266
2022-06-17,"NOW",443.790008544922
2022-06-21,"NOW",455.269989013672
2022-06-22,"NOW",458.649993896484
2022-06-23,"NOW",485.529998779297
2022-06-24,"NOW",504.089996337891
2022-06-27,"NOW",496.700012207031
2022-06-28,"NOW",473.440002441406
2022-06-29,"NOW",477.790008544922
2022-06-30,"NOW",475.519989013672
2022-07-01,"NOW",484.359985351562
2022-07-05,"NOW",495.929992675781
2022-07-06,"NOW",493.309997558594
2022-07-07,"NOW",497.049987792969
2022-07-08,"NOW",494.149993896484
2022-07-11,"NOW",490.399993896484
2022-07-12,"NOW",427.940002441406
2022-07-13,"NOW",422.769989013672
2022-07-14,"NOW",420.970001220703
2022-07-15,"NOW",435.619995117188
2022-07-18,"NOW",426.739990234375
2022-07-19,"NOW",435.940002441406
2022-07-20,"NOW",456.850006103516
2022-07-21,"NOW",460.290008544922
2022-07-22,"NOW",446.769989013672
2022-07-25,"NOW",440
2022-07-26,"NOW",422.820007324219
2022-07-27,"NOW",448.600006103516
2022-07-28,"NOW",436.5
2022-07-29,"NOW",446.660003662109
2022-08-01,"NOW",453.769989013672
2022-08-02,"NOW",454.440002441406
2022-08-03,"NOW",471.450012207031
2022-08-04,"NOW",493
2022-08-05,"NOW",494.850006103516
2022-08-08,"NOW",494.950012207031
2022-08-09,"NOW",487.459991455078
2022-08-10,"NOW",516.200012207031
2022-08-11,"NOW",499.450012207031
2022-08-12,"NOW",506.510009765625
2022-08-15,"NOW",504.070007324219
2022-08-16,"NOW",496.739990234375
2022-08-17,"NOW",488.760009765625
2022-08-18,"NOW",489.600006103516
2022-08-19,"NOW",476.260009765625
2022-08-22,"NOW",459.709991455078
2022-08-23,"NOW",459.989990234375
2022-08-24,"NOW",457.519989013672
2022-08-25,"NOW",466.029998779297
2022-08-26,"NOW",444.690002441406
2022-08-29,"NOW",435.779998779297
2022-08-30,"NOW",436.839996337891
2022-08-31,"NOW",434.619995117188
2022-09-01,"NOW",430.559997558594
2022-09-02,"NOW",434.510009765625
2022-09-06,"NOW",430.470001220703
2022-09-07,"NOW",444.160003662109
2022-09-08,"NOW",450.769989013672
2022-09-09,"NOW",470.029998779297
2022-09-12,"NOW",476.290008544922
2022-09-13,"NOW",452.380004882812
2022-09-14,"NOW",457.489990234375
2022-09-15,"NOW",435.549987792969
2022-09-16,"NOW",425.799987792969
2022-09-19,"NOW",425.049987792969
2022-09-20,"NOW",411.200012207031
2022-09-21,"NOW",401.429992675781
2022-09-22,"NOW",386.970001220703
2022-09-23,"NOW",377.040008544922
2022-09-26,"NOW",370.100006103516
2022-09-27,"NOW",378.950012207031
2022-09-28,"NOW",388.850006103516
2022-09-29,"NOW",385.5
2022-09-30,"NOW",377.609985351562
2022-10-03,"NOW",391.709991455078
2022-10-04,"NOW",411.549987792969
2022-10-05,"NOW",420.579986572266
2022-10-06,"NOW",418.429992675781
2022-10-07,"NOW",401.209991455078
2022-10-10,"NOW",381.779998779297
2022-10-11,"NOW",371.299987792969
2022-10-12,"NOW",369.130004882812
2022-10-13,"NOW",361.899993896484
2022-10-14,"NOW",341.760009765625
2022-10-17,"NOW",348.609985351562
2022-10-18,"NOW",356.790008544922
2022-10-19,"NOW",355.440002441406
2022-10-20,"NOW",356.260009765625
2022-10-21,"NOW",360.670013427734
2022-10-24,"NOW",366.559997558594
2022-10-25,"NOW",376.660003662109
2022-10-26,"NOW",366.410003662109
2022-10-27,"NOW",415.670013427734
2022-10-28,"NOW",420.399993896484
2022-10-31,"NOW",420.739990234375
2022-11-01,"NOW",418.559997558594
2022-11-02,"NOW",392.679992675781
2022-11-03,"NOW",385.559997558594
2022-11-04,"NOW",361.75
2022-11-07,"NOW",363.200012207031
2022-11-08,"NOW",371.140014648438
2022-11-09,"NOW",361.269989013672
2022-11-10,"NOW",404.059997558594
2022-11-11,"NOW",409.910003662109
2022-11-14,"NOW",400.399993896484
2022-11-15,"NOW",419.480010986328
2022-11-16,"NOW",412.200012207031
2022-11-17,"NOW",400.579986572266
2022-11-18,"NOW",399.380004882812
2022-11-21,"NOW",387.380004882812
2022-11-22,"NOW",400.279998779297
2022-11-23,"NOW",409.369995117188
2022-11-25,"NOW",407.209991455078
2022-11-28,"NOW",401.929992675781
2022-11-29,"NOW",396.850006103516
2022-11-30,"NOW",416.299987792969
2022-12-01,"NOW",425.600006103516
2022-12-02,"NOW",412.869995117188
2022-12-05,"NOW",392.260009765625
2022-12-06,"NOW",389.149993896484
2022-12-07,"NOW",388.519989013672
2022-12-08,"NOW",396.230010986328
2022-12-09,"NOW",393.579986572266
2022-12-12,"NOW",401.640014648438
2022-12-13,"NOW",416.170013427734
2022-12-14,"NOW",418.390014648438
2022-12-15,"NOW",400.640014648438
2022-12-16,"NOW",394.369995117188
2022-12-19,"NOW",382.299987792969
2022-12-20,"NOW",386.470001220703
2022-12-21,"NOW",391.910003662109
2022-12-22,"NOW",379.940002441406
2022-12-23,"NOW",381.859985351562
2022-12-27,"NOW",380.640014648438
2022-12-28,"NOW",376.049987792969
2022-12-29,"NOW",389.850006103516
2022-12-30,"NOW",388.269989013672
2023-01-03,"NOW",385.5
2023-01-04,"NOW",393.850006103516
2023-01-05,"NOW",366.320007324219
2023-01-06,"NOW",366.529998779297
2023-01-09,"NOW",378.559997558594
2023-01-10,"NOW",380.839996337891
2023-01-11,"NOW",393.779998779297
2023-01-12,"NOW",413.260009765625
2023-01-13,"NOW",414.890014648438
2023-01-17,"NOW",418.239990234375
2023-01-18,"NOW",416.200012207031
2023-01-19,"NOW",428.429992675781
2023-01-20,"NOW",441.829986572266
2023-01-23,"NOW",442.440002441406
2023-01-24,"NOW",443.410003662109
2023-01-25,"NOW",448.769989013672
2023-01-26,"NOW",463.070007324219
2023-01-27,"NOW",458.859985351562
2023-01-30,"NOW",442.570007324219
2023-01-31,"NOW",455.130004882812
2023-02-01,"NOW",473.809997558594
2023-02-02,"NOW",491.269989013672
2023-02-03,"NOW",472.220001220703
2023-02-06,"NOW",455.220001220703
2023-02-07,"NOW",463.260009765625
2023-02-08,"NOW",463.980010986328
2023-02-09,"NOW",463.299987792969
2023-02-10,"NOW",458.359985351562
2023-02-13,"NOW",461.040008544922
2023-02-14,"NOW",461.350006103516
2023-02-15,"NOW",463.910003662109
2023-02-16,"NOW",453.690002441406
2023-02-17,"NOW",439.010009765625
2023-02-21,"NOW",431.859985351562
2023-02-22,"NOW",439.839996337891
2023-02-23,"NOW",441.709991455078
2023-02-24,"NOW",425.589996337891
2023-02-27,"NOW",428.570007324219
2023-02-28,"NOW",432.170013427734
2023-03-01,"NOW",428.940002441406
2023-03-02,"NOW",436.040008544922
2023-03-03,"NOW",443.980010986328
2023-03-06,"NOW",446.019989013672
2023-03-07,"NOW",444.809997558594
2023-03-08,"NOW",446.970001220703
2023-03-09,"NOW",428.5
2023-03-10,"NOW",415.079986572266
2023-03-13,"NOW",414.929992675781
2023-03-14,"NOW",424.540008544922
2023-03-15,"NOW",422.260009765625
2023-03-16,"NOW",442.390014648438
2023-03-17,"NOW",441
2023-03-20,"NOW",435.149993896484
2023-03-21,"NOW",445.459991455078
2023-03-22,"NOW",433.510009765625
2023-03-23,"NOW",440.470001220703
2023-03-24,"NOW",432.899993896484
2023-03-27,"NOW",431.309997558594
2023-03-28,"NOW",429.079986572266
2023-03-29,"NOW",438.440002441406
2023-03-30,"NOW",439.630004882812
2023-03-31,"NOW",464.720001220703
2023-04-03,"NOW",464.489990234375
2023-04-04,"NOW",476.049987792969
2023-04-05,"NOW",467.329986572266
2023-04-06,"NOW",473.130004882812
2023-04-10,"NOW",472.640014648438
2023-04-11,"NOW",469.820007324219
2023-04-12,"NOW",471.429992675781
2023-04-13,"NOW",483.5
2023-04-14,"NOW",463.029998779297
2023-04-17,"NOW",470.549987792969
2023-04-18,"NOW",475.989990234375
2023-04-19,"NOW",475.589996337891
2023-04-20,"NOW",467.690002441406
2023-04-21,"NOW",473.309997558594
2023-04-24,"NOW",473
2023-04-25,"NOW",442.279998779297
2023-04-26,"NOW",454.029998779297
2023-04-27,"NOW",454.339996337891
2023-04-28,"NOW",459.420013427734
2023-05-01,"NOW",450.410003662109
2023-05-02,"NOW",443.679992675781
2023-05-03,"NOW",437.079986572266
2023-05-04,"NOW",430.510009765625
2023-05-05,"NOW",434.799987792969
2023-05-08,"NOW",438.989990234375
2023-05-09,"NOW",441.390014648438
2023-05-10,"NOW",454.140014648438
2023-05-11,"NOW",452.570007324219
2023-05-12,"NOW",455.200012207031
2023-05-15,"NOW",463.140014648438
2023-05-16,"NOW",468.239990234375
2023-05-17,"NOW",492.920013427734
2023-05-18,"NOW",510.170013427734
2023-05-19,"NOW",510.299987792969
2023-05-22,"NOW",511.390014648438
2023-05-23,"NOW",500.140014648438
2023-05-24,"NOW",502.549987792969
2023-05-25,"NOW",531.780029296875
2023-05-26,"NOW",537.460021972656
2023-05-30,"NOW",549.119995117188
2023-05-31,"NOW",544.780029296875
2023-06-01,"NOW",542.960021972656
2023-06-02,"NOW",548.179992675781
2023-06-05,"NOW",556.710021972656
2023-06-06,"NOW",555.799987792969
2023-06-07,"NOW",528.320007324219
2023-06-08,"NOW",535.340026855469
2023-06-09,"NOW",534.030029296875
2023-06-12,"NOW",546.349975585938
2023-06-13,"NOW",554.719970703125
2023-06-14,"NOW",567.309997558594
2023-06-15,"NOW",574.369995117188
2023-06-16,"NOW",565.47998046875
2023-06-20,"NOW",559.489990234375
2023-06-21,"NOW",546.799987792969
2023-06-22,"NOW",549.869995117188
2023-06-23,"NOW",542.989990234375
2023-06-26,"NOW",537.969970703125
2023-06-27,"NOW",539.960021972656
2023-06-28,"NOW",548.669982910156
2023-06-29,"NOW",548.080017089844
2023-06-30,"NOW",561.969970703125
2023-07-03,"NOW",562.869995117188
2023-07-05,"NOW",565.760009765625
2023-07-06,"NOW",555.830017089844
2023-07-07,"NOW",552.97998046875
2023-07-10,"NOW",565.599975585938
2023-07-11,"NOW",561.440002441406
2023-07-12,"NOW",561.340026855469
2023-07-13,"NOW",577.450012207031
2023-07-14,"NOW",580.380004882812
2023-07-17,"NOW",592.380004882812
2023-07-18,"NOW",597.130004882812
2023-07-19,"NOW",603.25
2023-07-20,"NOW",578.880004882812
2023-07-21,"NOW",582.02001953125
2023-07-24,"NOW",578.039978027344
2023-07-25,"NOW",582.380004882812
2023-07-26,"NOW",577.27001953125
2023-07-27,"NOW",559.890014648438
2023-07-28,"NOW",569.539978027344
2023-07-31,"NOW",583
2023-08-01,"NOW",590.390014648438
2023-08-02,"NOW",563.169982910156
2023-08-03,"NOW",560.400024414062
2023-08-04,"NOW",551.630004882812
2023-08-07,"NOW",554.890014648438
2023-08-08,"NOW",552.830017089844
2023-08-09,"NOW",550.330017089844
2023-08-10,"NOW",555
2023-08-11,"NOW",557.440002441406
2023-08-14,"NOW",566.210021972656
2023-08-15,"NOW",559.599975585938
2023-08-16,"NOW",549.5
2023-08-17,"NOW",543.640014648438
2023-08-18,"NOW",541.5
2023-08-21,"NOW",554.700012207031
2023-08-22,"NOW",561.820007324219
2023-08-23,"NOW",568
2023-08-24,"NOW",549.539978027344
2023-08-25,"NOW",563.650024414062
2023-08-28,"NOW",568.309997558594
2023-08-29,"NOW",578.869995117188
2023-08-30,"NOW",588.239990234375
2023-08-31,"NOW",588.830017089844
2023-09-01,"NOW",590.880004882812
2023-09-05,"NOW",597.159973144531
2023-09-06,"NOW",598.510009765625
2023-09-07,"NOW",599.320007324219
2023-09-08,"NOW",600.070007324219
2023-09-11,"NOW",605.940002441406
2023-09-12,"NOW",588.840026855469
2023-09-13,"NOW",591.380004882812
2023-09-14,"NOW",590.109985351562
2023-09-15,"NOW",579.580017089844
2023-09-18,"NOW",578.510009765625
2023-09-19,"NOW",572.330017089844
2023-09-20,"NOW",570.549987792969
2023-09-21,"NOW",549.530029296875
2023-09-22,"NOW",554.090026855469
2023-09-25,"NOW",559.47998046875
2023-09-26,"NOW",544.630004882812
2023-09-27,"NOW",546.380004882812
2023-09-28,"NOW",553.52001953125
2023-09-29,"NOW",558.960021972656
2023-10-02,"NOW",555.22998046875
2023-10-03,"NOW",541.239990234375
2023-10-04,"NOW",548.640014648438
2023-10-05,"NOW",547.169982910156
2023-10-06,"NOW",560.719970703125
2023-10-09,"NOW",564.429992675781
2023-10-10,"NOW",558.299987792969
2023-10-11,"NOW",558.669982910156
2023-10-12,"NOW",560.150024414062
2023-10-13,"NOW",549.659973144531
2023-10-16,"NOW",551.630004882812
2023-10-17,"NOW",568.469970703125
2023-10-18,"NOW",550.679992675781
2023-10-19,"NOW",559.97998046875
2023-10-20,"NOW",542.510009765625
2023-10-23,"NOW",541.380004882812
2023-10-24,"NOW",554.390014648438
2023-10-25,"NOW",530.169982910156
2023-10-26,"NOW",550.950012207031
2023-10-27,"NOW",554.010009765625
2023-10-30,"NOW",568.539978027344
2023-10-31,"NOW",581.849975585938
2023-11-01,"NOW",593.47998046875
2023-11-02,"NOW",599.429992675781
2023-11-03,"NOW",606.760009765625
2023-11-06,"NOW",609.25
2023-11-07,"NOW",613.909973144531
2023-11-08,"NOW",625.330017089844
2023-11-09,"NOW",619.760009765625
2023-11-10,"NOW",634.760009765625
2023-11-13,"NOW",638.409973144531
2023-11-14,"NOW",654.169982910156
2023-11-15,"NOW",650.900024414062
2023-11-16,"NOW",652.280029296875
2023-11-17,"NOW",654.359985351562
2023-11-20,"NOW",666.919982910156
2023-11-21,"NOW",668.400024414062
2023-11-22,"NOW",669.659973144531
2023-11-24,"NOW",673.900024414062
2023-11-27,"NOW",670.549987792969
2023-11-28,"NOW",665.239990234375
2023-11-29,"NOW",678.929992675781
2023-11-30,"NOW",685.739990234375
2023-12-01,"NOW",690.789978027344
2023-12-04,"NOW",687.619995117188
2023-12-05,"NOW",688.219970703125
2023-12-06,"NOW",686.22998046875
2023-12-07,"NOW",687.679992675781
2023-12-08,"NOW",699.080017089844
2023-12-11,"NOW",705.119995117188
2023-12-12,"NOW",716.47998046875
2023-12-13,"NOW",715.640014648438
2023-12-14,"NOW",680.390014648438
2023-12-15,"NOW",698.239990234375
2023-12-18,"NOW",703.719970703125
2023-12-19,"NOW",707.710021972656
2023-12-20,"NOW",693.799987792969
2023-12-21,"NOW",700.760009765625
2023-12-22,"NOW",697.549987792969
2023-12-26,"NOW",701.22998046875
2023-12-27,"NOW",703.760009765625
2023-12-28,"NOW",702.460021972656
2023-12-29,"NOW",706.489990234375
2024-01-02,"NOW",687.52001953125
2024-01-03,"NOW",675.299987792969
2024-01-04,"NOW",671.869995117188
2024-01-05,"NOW",676.159973144531
2024-01-08,"NOW",696.260009765625
2024-01-09,"NOW",698.669982910156
2024-01-10,"NOW",714.299987792969
2024-01-11,"NOW",726.460021972656
2024-01-12,"NOW",729.179992675781
2024-01-16,"NOW",727.559997558594
2024-01-17,"NOW",727.539978027344
2024-01-18,"NOW",745.960021972656
2024-01-19,"NOW",749.109985351562
2024-01-22,"NOW",752.450012207031
2024-01-23,"NOW",753.419982910156
2024-01-24,"NOW",763.419982910156
2024-01-25,"NOW",766.690002441406
2024-01-26,"NOW",769.440002441406
2024-01-29,"NOW",787.239990234375
2024-01-30,"NOW",785.72998046875
2024-01-31,"NOW",765.400024414062
2024-02-01,"NOW",771
2024-02-02,"NOW",781.299987792969
2024-02-05,"NOW",784.840026855469
2024-02-06,"NOW",777.450012207031
2024-02-07,"NOW",790.390014648438
2024-02-08,"NOW",799.409973144531
2024-02-09,"NOW",812.940002441406
2024-02-12,"NOW",787.349975585938
2024-02-13,"NOW",773.760009765625
2024-02-14,"NOW",792
2024-02-15,"NOW",780
2024-02-16,"NOW",765
2024-02-20,"NOW",752.840026855469
2024-02-21,"NOW",747.940002441406
2024-02-22,"NOW",769.210021972656
2024-02-23,"NOW",770.969970703125
2024-02-26,"NOW",779.659973144531
2024-02-27,"NOW",767.140014648438
2024-02-28,"NOW",759.789978027344
2024-02-29,"NOW",771.340026855469
2024-03-01,"NOW",773.630004882812
2024-03-04,"NOW",776.090026855469
2024-03-05,"NOW",740.150024414062
2024-03-06,"NOW",741.059997558594
2024-03-07,"NOW",768.080017089844
2024-03-08,"NOW",757.679992675781
2024-03-11,"NOW",756.739990234375
2024-03-12,"NOW",789.559997558594
2024-03-13,"NOW",776.880004882812
2024-03-14,"NOW",779.489990234375
2024-03-15,"NOW",743.909973144531
2024-03-18,"NOW",755.799987792969
2024-03-19,"NOW",756.940002441406
2024-03-20,"NOW",767.559997558594
2024-03-21,"NOW",773.179992675781
2024-03-22,"NOW",774.150024414062
2024-03-25,"NOW",774.640014648438
2024-03-26,"NOW",778.570007324219
2024-03-27,"NOW",759
2024-03-28,"NOW",762.400024414062
2024-04-01,"NOW",768.369995117188
2024-04-02,"NOW",757
2024-04-03,"NOW",759.159973144531
2024-04-04,"NOW",757.549987792969
2024-04-05,"NOW",783.5
2024-04-08,"NOW",785.599975585938
2024-04-09,"NOW",782.219970703125
2024-04-10,"NOW",769.190002441406
2024-04-11,"NOW",771.340026855469
2024-04-12,"NOW",768.710021972656
2024-04-15,"NOW",735.809997558594
2024-04-16,"NOW",744.780029296875
2024-04-17,"NOW",736.450012207031
2024-04-18,"NOW",731.359985351562
2024-04-19,"NOW",713.909973144531
2024-04-22,"NOW",721.950012207031
2024-04-23,"NOW",740.950012207031
2024-04-24,"NOW",746.289978027344
2024-04-25,"NOW",716.25
2024-04-26,"NOW",723.549987792969
2024-04-29,"NOW",721.159973144531
2024-04-30,"NOW",693.330017089844
2024-05-01,"NOW",685.609985351562
2024-05-02,"NOW",695.719970703125
2024-05-03,"NOW",716.650024414062
2024-05-06,"NOW",726.559997558594
2024-05-07,"NOW",713.330017089844
2024-05-08,"NOW",721.030029296875
2024-05-09,"NOW",722.940002441406
2024-05-10,"NOW",729.789978027344
2024-05-13,"NOW",730.119995117188
2024-05-14,"NOW",721.619995117188
2024-05-15,"NOW",760.570007324219
2024-05-16,"NOW",758.010009765625
2024-05-17,"NOW",765.049987792969
2024-05-20,"NOW",774.179992675781
2024-05-21,"NOW",777.049987792969
2024-05-22,"NOW",770.830017089844
2024-05-23,"NOW",758.150024414062
2024-05-24,"NOW",738.510009765625
2024-05-28,"NOW",728.859985351562
2024-05-29,"NOW",731.119995117188
2024-05-30,"NOW",643.289978027344
2024-05-31,"NOW",656.929992675781
2024-06-03,"NOW",660.109985351562
2024-06-04,"NOW",672
2024-06-05,"NOW",704.109985351562
2024-06-06,"NOW",703.159973144531
2024-06-07,"NOW",698.809997558594
2024-06-10,"NOW",709.150024414062
2024-06-11,"NOW",712.039978027344
2024-06-12,"NOW",721.5
2024-06-13,"NOW",709.760009765625
2024-06-14,"NOW",728.580017089844
2024-06-17,"NOW",725.5
2024-06-18,"NOW",730.169982910156
2024-06-20,"NOW",734.309997558594
2024-06-21,"NOW",749.330017089844
2024-06-24,"NOW",739.590026855469
2024-06-25,"NOW",754.809997558594
2024-06-26,"NOW",753.909973144531
2024-06-27,"NOW",774.130004882812
2024-06-28,"NOW",786.669982910156
2024-07-01,"NOW",788.960021972656
2024-07-02,"NOW",794.109985351562
2024-07-03,"NOW",785.919982910156
2024-07-05,"NOW",806.469970703125
2024-07-08,"NOW",766.200012207031
2024-07-09,"NOW",744.010009765625
2024-07-10,"NOW",743.150024414062
2024-07-11,"NOW",749.140014648438
2024-07-12,"NOW",758.489990234375
2024-07-15,"NOW",767.849975585938
2024-07-16,"NOW",760.789978027344
2024-07-17,"NOW",736.070007324219
2024-07-18,"NOW",738.77001953125
2024-07-19,"NOW",751.200012207031
2024-07-22,"NOW",756.5
2024-07-23,"NOW",765.52001953125
2024-07-24,"NOW",730.869995117188
2024-07-25,"NOW",828.789978027344
2024-07-26,"NOW",827.609985351562
2024-07-29,"NOW",799.059997558594
2024-07-30,"NOW",798.799987792969
2024-07-31,"NOW",814.390014648438
2024-08-01,"NOW",811.380004882812
2024-08-02,"NOW",790.640014648438
2024-08-05,"NOW",781.27001953125
2024-08-06,"NOW",792.950012207031
2024-08-07,"NOW",776.280029296875
2024-08-08,"NOW",796.140014648438
2024-08-09,"NOW",811.080017089844
2024-08-12,"NOW",806.619995117188
2024-08-13,"NOW",818.799987792969
2024-08-14,"NOW",819.02001953125
2024-08-15,"NOW",832.109985351562
2024-08-16,"NOW",827.559997558594
2024-08-19,"NOW",832.880004882812
2024-08-20,"NOW",838.219970703125
2024-08-21,"NOW",839.179992675781
2024-08-22,"NOW",820.929992675781
2024-08-23,"NOW",828.27001953125
2024-08-26,"NOW",827.859985351562
2024-08-27,"NOW",831.739990234375
2024-08-28,"NOW",814.109985351562
2024-08-29,"NOW",831.27001953125
2024-08-30,"NOW",855
2024-09-03,"NOW",835.859985351562
2024-09-04,"NOW",834.830017089844
2024-09-05,"NOW",835.400024414062
2024-09-06,"NOW",825.039978027344
2024-09-09,"NOW",855.580017089844
2024-09-10,"NOW",860.150024414062
2024-09-11,"NOW",875.960021972656
2024-09-12,"NOW",886.130004882812
2024-09-13,"NOW",878.950012207031
2024-09-16,"NOW",892.460021972656
2024-09-17,"NOW",885.830017089844
2024-09-18,"NOW",890.390014648438
2024-09-19,"NOW",919.25
2024-09-20,"NOW",937.359985351562
2024-09-23,"NOW",925.549987792969
2024-09-24,"NOW",923.599975585938
2024-09-25,"NOW",890.030029296875
2024-09-26,"NOW",884.859985351562
2024-09-27,"NOW",881.789978027344
2024-09-30,"NOW",894.390014648438
2024-10-01,"NOW",867.179992675781
2024-10-02,"NOW",880.409973144531
2024-10-03,"NOW",890.640014648438
2024-10-04,"NOW",917.679992675781
2024-10-07,"NOW",905.940002441406
2024-10-08,"NOW",922
2024-10-09,"NOW",938.650024414062
2024-10-10,"NOW",944.630004882812
2024-10-11,"NOW",938.590026855469
2024-10-14,"NOW",944.690002441406
2024-10-15,"NOW",927.960021972656
2024-10-16,"NOW",918.869995117188
2024-10-17,"NOW",917.119995117188
2024-10-18,"NOW",921.75
2024-10-21,"NOW",918.340026855469
2024-10-22,"NOW",917.950012207031
2024-10-23,"NOW",907.679992675781
2024-10-24,"NOW",956.580017089844
2024-10-25,"NOW",950.849975585938
2024-10-28,"NOW",945
2024-10-29,"NOW",953.080017089844
2024-10-30,"NOW",950
2024-10-31,"NOW",932.989990234375
2024-11-01,"NOW",943.409973144531
2024-11-04,"NOW",954.590026855469
2024-11-05,"NOW",971.039978027344
2024-11-06,"NOW",994.47998046875
2024-11-07,"NOW",1015.28002929688
2024-11-08,"NOW",1008.08001708984
2024-11-11,"NOW",1036.01000976562
2024-11-12,"NOW",1048.2900390625
2024-11-13,"NOW",1045.55004882812
2024-11-14,"NOW",1039.80004882812
2024-11-15,"NOW",1011.39001464844
2024-11-18,"NOW",1005.34002685547
2024-11-19,"NOW",1022.09997558594
2024-11-20,"NOW",1022.97998046875
2024-11-21,"NOW",1047.05004882812
2024-11-22,"NOW",1060.59997558594
2024-11-25,"NOW",1052.7099609375
2024-11-26,"NOW",1070.06994628906
2024-11-27,"NOW",1041.40002441406
2024-11-29,"NOW",1049.43994140625
2024-12-02,"NOW",1048.43005371094
2024-12-03,"NOW",1057.31994628906
2024-12-04,"NOW",1123.13000488281
2024-12-05,"NOW",1123.71997070312
2024-12-06,"NOW",1124.33996582031
2024-12-09,"NOW",1120.47998046875
2024-12-10,"NOW",1127.83996582031
2024-12-11,"NOW",1147.18005371094
2024-12-12,"NOW",1148.42004394531
2024-12-13,"NOW",1121.09997558594
2024-12-16,"NOW",1129.93005371094
2024-12-17,"NOW",1114.71997070312
2024-12-18,"NOW",1060.98999023438
2024-12-19,"NOW",1074.86999511719
2024-12-20,"NOW",1091.25
2024-12-23,"NOW",1088.26000976562
2024-12-24,"NOW",1105.56005859375
2024-12-26,"NOW",1099.10998535156
2024-12-27,"NOW",1081.4599609375
2024-12-30,"NOW",1067.69995117188
2024-12-31,"NOW",1060.11999511719
2025-01-02,"NOW",1054.33996582031
2025-01-03,"NOW",1073.77001953125
2025-01-06,"NOW",1077.05004882812
2025-01-07,"NOW",1054.15002441406
2025-01-08,"NOW",1049.07995605469
2025-01-10,"NOW",1024.56994628906
2025-01-13,"NOW",1015.73999023438
2025-01-14,"NOW",1031.2900390625
2025-01-15,"NOW",1054.13000488281
2025-01-16,"NOW",1057.16003417969
2025-01-17,"NOW",1071.47998046875
2025-01-21,"NOW",1096.84997558594
2025-01-22,"NOW",1125.17004394531
2025-01-23,"NOW",1134.19995117188
2025-01-24,"NOW",1124.97998046875
2025-01-27,"NOW",1140.61999511719
2025-01-28,"NOW",1170.39001464844
2025-01-29,"NOW",1143.63000488281
2025-01-30,"NOW",1012.75
2025-01-31,"NOW",1018.38000488281
2025-02-03,"NOW",1020.94000244141
2025-02-04,"NOW",1010.13000488281
2025-02-05,"NOW",1027.06005859375
2025-02-06,"NOW",1023.29998779297
2025-02-07,"NOW",1008.28997802734
2025-02-10,"NOW",1021.80999755859
2025-02-11,"NOW",1009.04998779297
2025-02-12,"NOW",982.400024414062
2025-02-13,"NOW",989.47998046875
2025-02-14,"NOW",986.630004882812
2025-02-18,"NOW",997.47998046875
2025-02-19,"NOW",987.140014648438
2025-02-20,"NOW",967.97998046875
2025-02-21,"NOW",938.409973144531
2025-02-24,"NOW",927.580017089844
2025-02-25,"NOW",922.289978027344
2025-02-26,"NOW",941.960021972656
2025-02-27,"NOW",920.960021972656
2025-02-28,"NOW",929.760009765625
2025-03-03,"NOW",910.309997558594
2025-03-04,"NOW",906.090026855469
2025-03-05,"NOW",915.789978027344
2025-03-06,"NOW",867.090026855469
2025-03-07,"NOW",850.630004882812
2025-03-10,"NOW",783.830017089844
2025-03-11,"NOW",808.400024414062
2025-03-12,"NOW",843.140014648438
2025-03-13,"NOW",811.619995117188
2025-03-14,"NOW",844.330017089844
2025-03-17,"NOW",842.929992675781
2025-03-18,"NOW",830
2025-03-19,"NOW",844.119995117188
2025-03-20,"NOW",824.119995117188
2025-03-21,"NOW",827.75
2025-03-24,"NOW",849.72998046875
2025-03-25,"NOW",861.380004882812
2025-03-26,"NOW",838.549987792969
2025-03-27,"NOW",827.739990234375
2025-03-28,"NOW",797.760009765625
2025-03-31,"NOW",796.140014648438
2025-04-01,"NOW",811.559997558594
2025-04-02,"NOW",824.030029296875
2025-04-03,"NOW",774.070007324219
2025-04-04,"NOW",721.650024414062
2025-04-07,"NOW",735.5
2025-04-08,"NOW",727.599975585938
2025-04-09,"NOW",825.950012207031
2025-04-10,"NOW",783.489990234375
2025-04-11,"NOW",785.669982910156
2025-04-14,"NOW",799.820007324219
2025-04-15,"NOW",816.5
2025-04-16,"NOW",796.659973144531
2025-04-17,"NOW",772.159973144531
2025-04-21,"NOW",755.989990234375
2025-04-22,"NOW",766.830017089844
2025-04-23,"NOW",812.700012207031
2025-04-24,"NOW",938.570007324219
2025-04-25,"NOW",945.260009765625
2025-04-28,"NOW",937.409973144531
2025-04-29,"NOW",942.859985351562
2025-04-30,"NOW",955.010009765625
2020-01-02,"ORCL",49.6426849365234
2020-01-03,"ORCL",49.4678649902344
2020-01-06,"ORCL",49.7255020141602
2020-01-07,"ORCL",49.8359298706055
2020-01-08,"ORCL",50.0300140380859
2020-01-09,"ORCL",50.2610816955566
2020-01-10,"ORCL",50.3257827758789
2020-01-13,"ORCL",50.4459342956543
2020-01-14,"ORCL",50.7232131958008
2020-01-15,"ORCL",50.6122970581055
2020-01-16,"ORCL",51.2315444946289
2020-01-17,"ORCL",50.9542770385742
2020-01-21,"ORCL",51.0374641418457
2020-01-22,"ORCL",50.5753402709961
2020-01-23,"ORCL",50.8156433105469
2020-01-24,"ORCL",49.9745712280273
2020-01-27,"ORCL",48.6990852355957
2020-01-28,"ORCL",49.4107666015625
2020-01-29,"ORCL",49.1704559326172
2020-01-30,"ORCL",49.2721290588379
2020-01-31,"ORCL",48.4772682189941
2020-02-03,"ORCL",49.0687866210938
2020-02-04,"ORCL",49.946834564209
2020-02-05,"ORCL",50.593822479248
2020-02-06,"ORCL",50.5660858154297
2020-02-07,"ORCL",50.5753402709961
2020-02-10,"ORCL",50.8248825073242
2020-02-11,"ORCL",50.9727630615234
2020-02-12,"ORCL",51.5088310241699
2020-02-13,"ORCL",51.1206436157227
2020-02-14,"ORCL",51.2685241699219
2020-02-18,"ORCL",51.2500343322754
2020-02-19,"ORCL",51.2407875061035
2020-02-20,"ORCL",51.3054847717285
2020-02-21,"ORCL",50.5383605957031
2020-02-24,"ORCL",48.6621131896973
2020-02-25,"ORCL",47.1001281738281
2020-02-26,"ORCL",48.1075668334961
2020-02-27,"ORCL",46.9337501525879
2020-02-28,"ORCL",45.7137451171875
2020-03-02,"ORCL",47.0446701049805
2020-03-03,"ORCL",45.1499481201172
2020-03-04,"ORCL",46.7119407653809
2020-03-05,"ORCL",44.3643264770508
2020-03-06,"ORCL",43.782039642334
2020-03-09,"ORCL",42.5250511169434
2020-03-10,"ORCL",44.9003944396973
2020-03-11,"ORCL",41.332763671875
2020-03-12,"ORCL",36.7854118347168
2020-03-13,"ORCL",44.299633026123
2020-03-16,"ORCL",39.4842529296875
2020-03-17,"ORCL",43.3106689453125
2020-03-18,"ORCL",43.689624786377
2020-03-19,"ORCL",41.65625
2020-03-20,"ORCL",42.1923294067383
2020-03-23,"ORCL",40.8429107666016
2020-03-24,"ORCL",44.2164421081543
2020-03-25,"ORCL",42.4603462219238
2020-03-26,"ORCL",46.6564750671387
2020-03-27,"ORCL",46.0557098388672
2020-03-30,"ORCL",46.5455741882324
2020-03-31,"ORCL",44.6693305969238
2020-04-01,"ORCL",45.0205421447754
2020-04-02,"ORCL",46.0279846191406
2020-04-03,"ORCL",45.6582832336426
2020-04-06,"ORCL",47.5899810791016
2020-04-07,"ORCL",46.9152717590332
2020-04-08,"ORCL",48.4103965759277
2020-04-09,"ORCL",49.3854789733887
2020-04-13,"ORCL",49.1904602050781
2020-04-14,"ORCL",50.1469688415527
2020-04-15,"ORCL",49.3669090270996
2020-04-16,"ORCL",49.8683738708496
2020-04-17,"ORCL",50.7227325439453
2020-04-20,"ORCL",50.0633926391602
2020-04-21,"ORCL",47.6489067077637
2020-04-22,"ORCL",48.5404167175293
2020-04-23,"ORCL",48.2618141174316
2020-04-24,"ORCL",49.2276077270508
2020-04-27,"ORCL",49.5619239807129
2020-04-28,"ORCL",49.404052734375
2020-04-29,"ORCL",50.035530090332
2020-04-30,"ORCL",49.1904602050781
2020-05-01,"ORCL",48.0946578979492
2020-05-04,"ORCL",48.0575141906738
2020-05-05,"ORCL",48.3361015319824
2020-05-06,"ORCL",48.15966796875
2020-05-07,"ORCL",48.8468627929688
2020-05-08,"ORCL",49.7476539611816
2020-05-11,"ORCL",49.7104949951172
2020-05-12,"ORCL",48.5404167175293
2020-05-13,"ORCL",47.9646415710449
2020-05-14,"ORCL",49.1347427368164
2020-05-15,"ORCL",49.1440315246582
2020-05-18,"ORCL",49.3576202392578
2020-05-19,"ORCL",48.6054077148438
2020-05-20,"ORCL",49.1254615783691
2020-05-21,"ORCL",48.4939727783203
2020-05-22,"ORCL",48.865421295166
2020-05-26,"ORCL",49.0140228271484
2020-05-27,"ORCL",49.404052734375
2020-05-28,"ORCL",49.794075012207
2020-05-29,"ORCL",49.9333724975586
2020-06-01,"ORCL",49.274040222168
2020-06-02,"ORCL",49.478343963623
2020-06-03,"ORCL",49.6733512878418
2020-06-04,"ORCL",49.0790138244629
2020-06-05,"ORCL",50.1283988952637
2020-06-08,"ORCL",51.1684799194336
2020-06-09,"ORCL",50.3141174316406
2020-06-10,"ORCL",50.2491226196289
2020-06-11,"ORCL",47.6489067077637
2020-06-12,"ORCL",48.15966796875
2020-06-15,"ORCL",49.4504776000977
2020-06-16,"ORCL",50.6948699951172
2020-06-17,"ORCL",47.8439178466797
2020-06-18,"ORCL",49.8590850830078
2020-06-19,"ORCL",50.518424987793
2020-06-22,"ORCL",51.1870613098145
2020-06-23,"ORCL",51.2520523071289
2020-06-24,"ORCL",50.5555725097656
2020-06-25,"ORCL",50.6391410827637
2020-06-26,"ORCL",50.3141174316406
2020-06-29,"ORCL",50.8527412414551
2020-06-30,"ORCL",51.3263473510742
2020-07-01,"ORCL",51.5306549072266
2020-07-02,"ORCL",51.9485397338867
2020-07-06,"ORCL",52.5614433288574
2020-07-07,"ORCL",52.2921371459961
2020-07-08,"ORCL",52.6171646118164
2020-07-09,"ORCL",53.4250907897949
2020-07-10,"ORCL",53.2950782775879
2020-07-13,"ORCL",52.942195892334
2020-07-14,"ORCL",53.343204498291
2020-07-15,"ORCL",52.8023109436035
2020-07-16,"ORCL",52.0562438964844
2020-07-17,"ORCL",51.1982841491699
2020-07-20,"ORCL",51.6645774841309
2020-07-21,"ORCL",52.1401863098145
2020-07-22,"ORCL",52.2334403991699
2020-07-23,"ORCL",52.0002937316895
2020-07-24,"ORCL",51.8977127075195
2020-07-27,"ORCL",51.6086196899414
2020-07-28,"ORCL",51.6179466247559
2020-07-29,"ORCL",51.9443473815918
2020-07-30,"ORCL",51.5246925354004
2020-07-31,"ORCL",51.7111968994141
2020-08-03,"ORCL",52.2054672241211
2020-08-04,"ORCL",52.2241134643555
2020-08-05,"ORCL",51.7578277587891
2020-08-06,"ORCL",51.552661895752
2020-08-07,"ORCL",51.5060348510742
2020-08-10,"ORCL",51.2355918884277
2020-08-11,"ORCL",50.610767364502
2020-08-12,"ORCL",50.5175094604492
2020-08-13,"ORCL",50.3776206970215
2020-08-14,"ORCL",50.5454978942871
2020-08-17,"ORCL",50.3496475219727
2020-08-18,"ORCL",51.4594039916992
2020-08-19,"ORCL",52.4106178283691
2020-08-20,"ORCL",51.5340003967285
2020-08-21,"ORCL",51.4687271118164
2020-08-24,"ORCL",52.2334403991699
2020-08-25,"ORCL",52.3080520629883
2020-08-26,"ORCL",53.6136512756348
2020-08-27,"ORCL",53.3245468139648
2020-08-28,"ORCL",53.977352142334
2020-08-31,"ORCL",53.3618469238281
2020-09-01,"ORCL",53.7721939086914
2020-09-02,"ORCL",55.0498123168945
2020-09-03,"ORCL",53.249942779541
2020-09-04,"ORCL",51.9723167419434
2020-09-08,"ORCL",51.5899696350098
2020-09-09,"ORCL",53.1100654602051
2020-09-10,"ORCL",53.4644393920898
2020-09-11,"ORCL",53.1566848754883
2020-09-14,"ORCL",55.450813293457
2020-09-15,"ORCL",56.8310279846191
2020-09-16,"ORCL",56.3554153442383
2020-09-17,"ORCL",56.1222686767578
2020-09-18,"ORCL",55.721263885498
2020-09-21,"ORCL",56.719123840332
2020-09-22,"ORCL",56.5326156616211
2020-09-23,"ORCL",54.9845314025879
2020-09-24,"ORCL",55.3016128540039
2020-09-25,"ORCL",55.767894744873
2020-09-28,"ORCL",55.5627250671387
2020-09-29,"ORCL",55.4601554870605
2020-09-30,"ORCL",55.6746444702148
2020-10-01,"ORCL",55.6559906005859
2020-10-02,"ORCL",54.8632926940918
2020-10-05,"ORCL",55.5440788269043
2020-10-06,"ORCL",55.497444152832
2020-10-07,"ORCL",56.7334327697754
2020-10-08,"ORCL",57.0143241882324
2020-10-09,"ORCL",57.2577896118164
2020-10-12,"ORCL",57.5480537414551
2020-10-13,"ORCL",57.0892524719238
2020-10-14,"ORCL",57.0798797607422
2020-10-15,"ORCL",56.6678848266602
2020-10-16,"ORCL",56.4525260925293
2020-10-19,"ORCL",55.8251686096191
2020-10-20,"ORCL",55.9468955993652
2020-10-21,"ORCL",55.8719863891602
2020-10-22,"ORCL",55.8907051086426
2020-10-23,"ORCL",56.0873527526855
2020-10-26,"ORCL",53.8307418823242
2020-10-27,"ORCL",53.446849822998
2020-10-28,"ORCL",52.0516815185547
2020-10-29,"ORCL",52.4543075561523
2020-10-30,"ORCL",52.5385704040527
2020-11-02,"ORCL",52.8569450378418
2020-11-03,"ORCL",53.1846694946289
2020-11-04,"ORCL",52.8943939208984
2020-11-05,"ORCL",53.0535774230957
2020-11-06,"ORCL",53.1846694946289
2020-11-09,"ORCL",53.2221183776855
2020-11-10,"ORCL",53.0629386901855
2020-11-11,"ORCL",53.5592041015625
2020-11-12,"ORCL",52.8569450378418
2020-11-13,"ORCL",53.287654876709
2020-11-16,"ORCL",53.5123825073242
2020-11-17,"ORCL",53.4842910766602
2020-11-18,"ORCL",52.6696624755859
2020-11-19,"ORCL",52.8569450378418
2020-11-20,"ORCL",52.1546783447266
2020-11-23,"ORCL",52.5104942321777
2020-11-24,"ORCL",53.9056549072266
2020-11-25,"ORCL",53.7558403015137
2020-11-27,"ORCL",54.0835571289062
2020-11-30,"ORCL",54.0461082458496
2020-12-01,"ORCL",55.0011863708496
2020-12-02,"ORCL",55.3195381164551
2020-12-03,"ORCL",55.4974479675293
2020-12-04,"ORCL",56.1435279846191
2020-12-07,"ORCL",55.993709564209
2020-12-08,"ORCL",55.2727203369141
2020-12-09,"ORCL",55.9281692504883
2020-12-10,"ORCL",55.6940803527832
2020-12-11,"ORCL",56.7521553039551
2020-12-14,"ORCL",56.8926086425781
2020-12-15,"ORCL",57.9225921630859
2020-12-16,"ORCL",58.7840270996094
2020-12-17,"ORCL",59.561206817627
2020-12-18,"ORCL",60.9189109802246
2020-12-21,"ORCL",60.3758316040039
2020-12-22,"ORCL",61.0031890869141
2020-12-23,"ORCL",61.1436386108398
2020-12-24,"ORCL",60.8252716064453
2020-12-28,"ORCL",60.7410202026367
2020-12-29,"ORCL",60.357105255127
2020-12-30,"ORCL",60.3009262084961
2020-12-31,"ORCL",60.5724716186523
2021-01-04,"ORCL",59.6922912597656
2021-01-05,"ORCL",58.9525833129883
2021-01-06,"ORCL",58.8115844726562
2021-01-07,"ORCL",59.2815589904785
2021-01-08,"ORCL",59.5729331970215
2021-01-11,"ORCL",59.2439575195312
2021-01-12,"ORCL",58.6705932617188
2021-01-13,"ORCL",58.3322257995605
2021-01-14,"ORCL",57.8998641967773
2021-01-15,"ORCL",58.0690422058105
2021-01-19,"ORCL",57.6084632873535
2021-01-20,"ORCL",57.8622550964355
2021-01-21,"ORCL",57.5332832336426
2021-01-22,"ORCL",56.7343406677246
2021-01-25,"ORCL",57.2419052124023
2021-01-26,"ORCL",58.0878410339355
2021-01-27,"ORCL",58.7927932739258
2021-01-28,"ORCL",57.5426750183105
2021-01-29,"ORCL",56.8001327514648
2021-02-01,"ORCL",57.8152542114258
2021-02-02,"ORCL",58.6236000061035
2021-02-03,"ORCL",58.4356079101562
2021-02-04,"ORCL",59.5447311401367
2021-02-05,"ORCL",59.779712677002
2021-02-08,"ORCL",59.3191528320312
2021-02-09,"ORCL",59.8455085754395
2021-02-10,"ORCL",59.4695434570312
2021-02-11,"ORCL",58.933780670166
2021-02-12,"ORCL",59.2909545898438
2021-02-16,"ORCL",58.4074172973633
2021-02-17,"ORCL",58.3604202270508
2021-02-18,"ORCL",58.3416213989258
2021-02-19,"ORCL",57.4580917358398
2021-02-22,"ORCL",60.5786476135254
2021-02-23,"ORCL",60.6256561279297
2021-02-24,"ORCL",60.8136405944824
2021-02-25,"ORCL",61.3776092529297
2021-02-26,"ORCL",60.6350593566895
2021-03-01,"ORCL",62.1953392028809
2021-03-02,"ORCL",62.6559143066406
2021-03-03,"ORCL",62.8908996582031
2021-03-04,"ORCL",61.6689834594727
2021-03-05,"ORCL",65.7671051025391
2021-03-08,"ORCL",67.8255386352539
2021-03-09,"ORCL",68.276725769043
2021-03-10,"ORCL",67.7879486083984
2021-03-11,"ORCL",63.3608703613281
2021-03-12,"ORCL",63.1258773803711
2021-03-15,"ORCL",63.6616363525391
2021-03-16,"ORCL",62.8345108032227
2021-03-17,"ORCL",62.2423515319824
2021-03-18,"ORCL",62.7311058044434
2021-03-19,"ORCL",62.2799453735352
2021-03-22,"ORCL",62.3363342285156
2021-03-23,"ORCL",63.2292671203613
2021-03-24,"ORCL",62.8156967163086
2021-03-25,"ORCL",64.5075759887695
2021-03-26,"ORCL",66.0302810668945
2021-03-29,"ORCL",66.8573989868164
2021-03-30,"ORCL",66.3122406005859
2021-03-31,"ORCL",65.9550704956055
2021-04-01,"ORCL",67.4965667724609
2021-04-05,"ORCL",69.7054138183594
2021-04-06,"ORCL",69.8181838989258
2021-04-07,"ORCL",69.9220581054688
2021-04-08,"ORCL",71.0642852783203
2021-04-09,"ORCL",71.3474807739258
2021-04-12,"ORCL",71.8572616577148
2021-04-13,"ORCL",72.3764343261719
2021-04-14,"ORCL",72.5180435180664
2021-04-15,"ORCL",73.9057235717773
2021-04-16,"ORCL",74.5287399291992
2021-04-19,"ORCL",74.3399658203125
2021-04-20,"ORCL",74.8025207519531
2021-04-21,"ORCL",72.3670043945312
2021-04-22,"ORCL",70.67724609375
2021-04-23,"ORCL",70.7716369628906
2021-04-26,"ORCL",70.3279647827148
2021-04-27,"ORCL",71.0076522827148
2021-04-28,"ORCL",70.5828323364258
2021-04-29,"ORCL",71.6212463378906
2021-04-30,"ORCL",71.5457229614258
2021-05-03,"ORCL",72.9994812011719
2021-05-04,"ORCL",74.1322860717773
2021-05-05,"ORCL",74.7553176879883
2021-05-06,"ORCL",75.274528503418
2021-05-07,"ORCL",75.8975601196289
2021-05-10,"ORCL",75.6615600585938
2021-05-11,"ORCL",73.3393173217773
2021-05-12,"ORCL",72.4519348144531
2021-05-13,"ORCL",73.7641067504883
2021-05-14,"ORCL",74.4721145629883
2021-05-17,"ORCL",74.6514739990234
2021-05-18,"ORCL",74.2833099365234
2021-05-19,"ORCL",74.3305206298828
2021-05-20,"ORCL",74.3116226196289
2021-05-21,"ORCL",74.6042709350586
2021-05-24,"ORCL",74.9346771240234
2021-05-25,"ORCL",74.4154815673828
2021-05-26,"ORCL",74.8214111328125
2021-05-27,"ORCL",74.5570831298828
2021-05-28,"ORCL",74.3305206298828
2021-06-01,"ORCL",75.1140441894531
2021-06-02,"ORCL",75.7748260498047
2021-06-03,"ORCL",76.5489120483398
2021-06-04,"ORCL",78.2481231689453
2021-06-07,"ORCL",79.2393341064453
2021-06-08,"ORCL",79.8718032836914
2021-06-09,"ORCL",79.7868423461914
2021-06-10,"ORCL",77.6911697387695
2021-06-11,"ORCL",78.2575607299805
2021-06-14,"ORCL",77.9932327270508
2021-06-15,"ORCL",77.068115234375
2021-06-16,"ORCL",72.7634963989258
2021-06-17,"ORCL",73.2165985107422
2021-06-18,"ORCL",71.9610748291016
2021-06-21,"ORCL",73.6225280761719
2021-06-22,"ORCL",74.2738800048828
2021-06-23,"ORCL",73.7263565063477
2021-06-24,"ORCL",73.3865280151367
2021-06-25,"ORCL",74.0661926269531
2021-06-28,"ORCL",74.1039505004883
2021-06-29,"ORCL",73.7263565063477
2021-06-30,"ORCL",73.4809188842773
2021-07-01,"ORCL",75.0857162475586
2021-07-02,"ORCL",77.2380218505859
2021-07-06,"ORCL",78.4274673461914
2021-07-07,"ORCL",81.2689208984375
2021-07-08,"ORCL",80.7969207763672
2021-07-09,"ORCL",82.8453903198242
2021-07-12,"ORCL",82.2034912109375
2021-07-13,"ORCL",82.1940307617188
2021-07-14,"ORCL",83.643684387207
2021-07-15,"ORCL",81.7108154296875
2021-07-16,"ORCL",82.8951721191406
2021-07-19,"ORCL",82.4119720458984
2021-07-20,"ORCL",84.0037307739258
2021-07-21,"ORCL",84.9796447753906
2021-07-22,"ORCL",85.927116394043
2021-07-23,"ORCL",83.0846710205078
2021-07-26,"ORCL",83.2457427978516
2021-07-27,"ORCL",83.1888961791992
2021-07-28,"ORCL",82.6014556884766
2021-07-29,"ORCL",83.0278244018555
2021-07-30,"ORCL",82.5635604858398
2021-08-02,"ORCL",82.999397277832
2021-08-03,"ORCL",85.0269927978516
2021-08-04,"ORCL",85.3207244873047
2021-08-05,"ORCL",84.733268737793
2021-08-06,"ORCL",84.8185577392578
2021-08-09,"ORCL",85.1786117553711
2021-08-10,"ORCL",84.9322738647461
2021-08-11,"ORCL",84.9227676391602
2021-08-12,"ORCL",85.0933303833008
2021-08-13,"ORCL",85.6333847045898
2021-08-16,"ORCL",86.0502853393555
2021-08-17,"ORCL",86.173454284668
2021-08-18,"ORCL",84.2690200805664
2021-08-19,"ORCL",84.0510940551758
2021-08-20,"ORCL",84.2690200805664
2021-08-23,"ORCL",84.4395904541016
2021-08-24,"ORCL",83.8995056152344
2021-08-25,"ORCL",83.9658432006836
2021-08-26,"ORCL",84.0605697631836
2021-08-27,"ORCL",84.6574859619141
2021-08-30,"ORCL",84.7522277832031
2021-08-31,"ORCL",84.4490432739258
2021-09-01,"ORCL",85.2259674072266
2021-09-02,"ORCL",85.083854675293
2021-09-03,"ORCL",85.2733612060547
2021-09-07,"ORCL",84.0605697631836
2021-09-08,"ORCL",84.7711868286133
2021-09-09,"ORCL",84.837516784668
2021-09-10,"ORCL",84.9701614379883
2021-09-13,"ORCL",84.2216567993164
2021-09-14,"ORCL",81.8529586791992
2021-09-15,"ORCL",83.1225662231445
2021-09-16,"ORCL",82.6677856445312
2021-09-17,"ORCL",81.8529586791992
2021-09-20,"ORCL",81.6445083618164
2021-09-21,"ORCL",82.3551025390625
2021-09-22,"ORCL",83.7952880859375
2021-09-23,"ORCL",84.7238082885742
2021-09-24,"ORCL",85.2164993286133
2021-09-27,"ORCL",86.2587280273438
2021-09-28,"ORCL",85.7376098632812
2021-09-29,"ORCL",86.4576950073242
2021-09-30,"ORCL",82.5540771484375
2021-10-01,"ORCL",85.0269927978516
2021-10-04,"ORCL",84.5722122192383
2021-10-05,"ORCL",86.6850967407227
2021-10-06,"ORCL",86.5429763793945
2021-10-07,"ORCL",87.4620513916016
2021-10-08,"ORCL",89.7439041137695
2021-10-11,"ORCL",90.599609375
2021-10-12,"ORCL",90.8658142089844
2021-10-13,"ORCL",91.6549606323242
2021-10-14,"ORCL",90.5900802612305
2021-10-15,"ORCL",90.6376190185547
2021-10-18,"ORCL",91.7595520019531
2021-10-19,"ORCL",92.2824935913086
2021-10-20,"ORCL",91.8831481933594
2021-10-21,"ORCL",91.5598983764648
2021-10-22,"ORCL",93.4139022827148
2021-10-25,"ORCL",93.0716247558594
2021-10-26,"ORCL",92.206428527832
2021-10-27,"ORCL",91.3031768798828
2021-10-28,"ORCL",91.4933395385742
2021-10-29,"ORCL",91.2176132202148
2021-11-01,"ORCL",89.7343978881836
2021-11-02,"ORCL",91.1510467529297
2021-11-03,"ORCL",91.4172821044922
2021-11-04,"ORCL",90.9228744506836
2021-11-05,"ORCL",90.2763366699219
2021-11-08,"ORCL",90.4569854736328
2021-11-09,"ORCL",89.9340515136719
2021-11-10,"ORCL",89.2114715576172
2021-11-11,"ORCL",89.4111404418945
2021-11-12,"ORCL",88.9357528686523
2021-11-15,"ORCL",89.3921127319336
2021-11-16,"ORCL",90.9038543701172
2021-11-17,"ORCL",90.6376190185547
2021-11-18,"ORCL",90.0006103515625
2021-11-19,"ORCL",89.3445739746094
2021-11-22,"ORCL",89.9530639648438
2021-11-23,"ORCL",88.3652725219727
2021-11-24,"ORCL",88.9737701416016
2021-11-26,"ORCL",87.7852935791016
2021-11-29,"ORCL",88.3652725219727
2021-11-30,"ORCL",86.273567199707
2021-12-01,"ORCL",85.3323135375977
2021-12-02,"ORCL",85.5604705810547
2021-12-03,"ORCL",83.8966217041016
2021-12-06,"ORCL",84.5621643066406
2021-12-07,"ORCL",85.6175231933594
2021-12-08,"ORCL",84.5621643066406
2021-12-09,"ORCL",84.4005279541016
2021-12-10,"ORCL",97.5783157348633
2021-12-13,"ORCL",95.923957824707
2021-12-14,"ORCL",94.9731674194336
2021-12-15,"ORCL",98.5481033325195
2021-12-16,"ORCL",98.1392669677734
2021-12-17,"ORCL",91.864143371582
2021-12-20,"ORCL",87.129264831543
2021-12-21,"ORCL",87.0056686401367
2021-12-22,"ORCL",85.4368896484375
2021-12-23,"ORCL",85.3037643432617
2021-12-27,"ORCL",85.1326370239258
2021-12-28,"ORCL",84.2864456176758
2021-12-29,"ORCL",83.8681030273438
2021-12-30,"ORCL",83.6779556274414
2021-12-31,"ORCL",82.9173202514648
2022-01-03,"ORCL",83.5733642578125
2022-01-04,"ORCL",84.4670944213867
2022-01-05,"ORCL",82.204231262207
2022-01-06,"ORCL",82.3951034545898
2022-01-07,"ORCL",83.5116500854492
2022-01-10,"ORCL",85.2007751464844
2022-01-11,"ORCL",84.4373168945312
2022-01-12,"ORCL",84.2750930786133
2022-01-13,"ORCL",83.7788543701172
2022-01-14,"ORCL",83.6834182739258
2022-01-18,"ORCL",81.6411972045898
2022-01-19,"ORCL",79.5703430175781
2022-01-20,"ORCL",78.9405059814453
2022-01-21,"ORCL",78.4633331298828
2022-01-24,"ORCL",78.6542129516602
2022-01-25,"ORCL",77.3658828735352
2022-01-26,"ORCL",75.9535064697266
2022-01-27,"ORCL",76.1348495483398
2022-01-28,"ORCL",76.802848815918
2022-01-31,"ORCL",77.451789855957
2022-02-01,"ORCL",77.337272644043
2022-02-02,"ORCL",78.7305679321289
2022-02-03,"ORCL",78.1961364746094
2022-02-04,"ORCL",78.3583679199219
2022-02-07,"ORCL",77.0509719848633
2022-02-08,"ORCL",77.0986785888672
2022-02-09,"ORCL",79.6371536254883
2022-02-10,"ORCL",78.110237121582
2022-02-11,"ORCL",76.1061935424805
2022-02-14,"ORCL",75.3427581787109
2022-02-15,"ORCL",76.1252822875977
2022-02-16,"ORCL",75.5717849731445
2022-02-17,"ORCL",72.0790176391602
2022-02-18,"ORCL",71.1628723144531
2022-02-22,"ORCL",70.7334365844727
2022-02-23,"ORCL",69.1588363647461
2022-02-24,"ORCL",71.3919219970703
2022-02-25,"ORCL",72.8615493774414
2022-02-28,"ORCL",72.498908996582
2022-03-01,"ORCL",72.5370712280273
2022-03-02,"ORCL",74.7033462524414
2022-03-03,"ORCL",74.6747283935547
2022-03-04,"ORCL",72.9951400756836
2022-03-07,"ORCL",70.9243087768555
2022-03-08,"ORCL",69.9795303344727
2022-03-09,"ORCL",72.6229705810547
2022-03-10,"ORCL",73.1478424072266
2022-03-11,"ORCL",74.2643814086914
2022-03-14,"ORCL",73.5486526489258
2022-03-15,"ORCL",76.917366027832
2022-03-16,"ORCL",76.3066024780273
2022-03-17,"ORCL",76.917366027832
2022-03-18,"ORCL",77.9480285644531
2022-03-21,"ORCL",77.2609176635742
2022-03-22,"ORCL",78.0625228881836
2022-03-23,"ORCL",76.7169418334961
2022-03-24,"ORCL",78.4824295043945
2022-03-25,"ORCL",77.9957427978516
2022-03-28,"ORCL",79.7802810668945
2022-03-29,"ORCL",80.4387664794922
2022-03-30,"ORCL",79.5512466430664
2022-03-31,"ORCL",78.9500579833984
2022-04-01,"ORCL",78.2629470825195
2022-04-04,"ORCL",80.2288131713867
2022-04-05,"ORCL",79.1504516601562
2022-04-06,"ORCL",78.3679046630859
2022-04-07,"ORCL",78.1188125610352
2022-04-08,"ORCL",77.5439910888672
2022-04-11,"ORCL",76.4135055541992
2022-04-12,"ORCL",76.0015563964844
2022-04-13,"ORCL",76.4039154052734
2022-04-14,"ORCL",76.1165084838867
2022-04-18,"ORCL",74.9381103515625
2022-04-19,"ORCL",76.2219009399414
2022-04-20,"ORCL",76.921272277832
2022-04-21,"ORCL",76.145263671875
2022-04-22,"ORCL",73.012451171875
2022-04-25,"ORCL",73.7501525878906
2022-04-26,"ORCL",71.3837814331055
2022-04-27,"ORCL",71.6232757568359
2022-04-28,"ORCL",72.9453887939453
2022-04-29,"ORCL",70.3203430175781
2022-05-02,"ORCL",70.8951873779297
2022-05-03,"ORCL",70.214958190918
2022-05-04,"ORCL",72.0544128417969
2022-05-05,"ORCL",69.7455215454102
2022-05-06,"ORCL",69.4485244750977
2022-05-09,"ORCL",68.5383834838867
2022-05-10,"ORCL",69.4868621826172
2022-05-11,"ORCL",68.0497970581055
2022-05-12,"ORCL",67.7623748779297
2022-05-13,"ORCL",68.1839218139648
2022-05-16,"ORCL",66.7851791381836
2022-05-17,"ORCL",68.8641204833984
2022-05-18,"ORCL",65.4343338012695
2022-05-19,"ORCL",64.2272033691406
2022-05-20,"ORCL",65.7504959106445
2022-05-23,"ORCL",67.1013259887695
2022-05-24,"ORCL",66.1336975097656
2022-05-25,"ORCL",66.9001388549805
2022-05-26,"ORCL",68.6533660888672
2022-05-27,"ORCL",69.7263565063477
2022-05-31,"ORCL",68.9024505615234
2022-06-01,"ORCL",68.5958862304688
2022-06-02,"ORCL",70.0712661743164
2022-06-03,"ORCL",68.7779083251953
2022-06-06,"ORCL",69.9084014892578
2022-06-07,"ORCL",69.64013671875
2022-06-08,"ORCL",68.3851089477539
2022-06-09,"ORCL",66.3157272338867
2022-06-10,"ORCL",64.3230056762695
2022-06-13,"ORCL",61.3626518249512
2022-06-14,"ORCL",67.752799987793
2022-06-15,"ORCL",66.7755889892578
2022-06-16,"ORCL",65.8271179199219
2022-06-17,"ORCL",64.8786697387695
2022-06-21,"ORCL",64.8403396606445
2022-06-22,"ORCL",63.7385902404785
2022-06-23,"ORCL",64.7924423217773
2022-06-24,"ORCL",67.7336349487305
2022-06-27,"ORCL",67.4557952880859
2022-06-28,"ORCL",65.7025833129883
2022-06-29,"ORCL",66.3061599731445
2022-06-30,"ORCL",66.9384536743164
2022-07-01,"ORCL",67.8965072631836
2022-07-05,"ORCL",68.9694900512695
2022-07-06,"ORCL",68.6533660888672
2022-07-07,"ORCL",68.8162231445312
2022-07-08,"ORCL",68.8545532226562
2022-07-11,"ORCL",68.8737716674805
2022-07-12,"ORCL",67.7574996948242
2022-07-13,"ORCL",67.3918075561523
2022-07-14,"ORCL",66.8336486816406
2022-07-15,"ORCL",68.075065612793
2022-07-18,"ORCL",67.5650177001953
2022-07-19,"ORCL",69.5185470581055
2022-07-20,"ORCL",69.8553619384766
2022-07-21,"ORCL",71.7319030761719
2022-07-22,"ORCL",72.0783538818359
2022-07-25,"ORCL",72.0398483276367
2022-07-26,"ORCL",71.2411117553711
2022-07-27,"ORCL",73.0118026733398
2022-07-28,"ORCL",74.1377258300781
2022-07-29,"ORCL",74.9075927734375
2022-08-01,"ORCL",74.5226516723633
2022-08-02,"ORCL",73.4737091064453
2022-08-03,"ORCL",74.4552917480469
2022-08-04,"ORCL",74.4841690063477
2022-08-05,"ORCL",74.4360504150391
2022-08-08,"ORCL",73.5892028808594
2022-08-09,"ORCL",73.8778991699219
2022-08-10,"ORCL",74.618896484375
2022-08-11,"ORCL",74.2531890869141
2022-08-12,"ORCL",76.1682281494141
2022-08-15,"ORCL",76.1297225952148
2022-08-16,"ORCL",76.524284362793
2022-08-17,"ORCL",76.2644653320312
2022-08-18,"ORCL",76.3318252563477
2022-08-19,"ORCL",75.6967010498047
2022-08-22,"ORCL",73.5795745849609
2022-08-23,"ORCL",73.5314483642578
2022-08-24,"ORCL",73.3004913330078
2022-08-25,"ORCL",73.9933853149414
2022-08-26,"ORCL",71.8377685546875
2022-08-29,"ORCL",71.3950881958008
2022-08-30,"ORCL",71.3469772338867
2022-08-31,"ORCL",71.3565979003906
2022-09-01,"ORCL",72.463264465332
2022-09-02,"ORCL",71.8666381835938
2022-09-06,"ORCL",71.0486602783203
2022-09-07,"ORCL",71.6837921142578
2022-09-08,"ORCL",71.8377685546875
2022-09-09,"ORCL",73.0502853393555
2022-09-12,"ORCL",74.1762237548828
2022-09-13,"ORCL",73.1754150390625
2022-09-14,"ORCL",69.4030914306641
2022-09-15,"ORCL",67.5939102172852
2022-09-16,"ORCL",66.2370147705078
2022-09-19,"ORCL",66.4679718017578
2022-09-20,"ORCL",65.5441360473633
2022-09-21,"ORCL",64.2353668212891
2022-09-22,"ORCL",63.5424880981445
2022-09-23,"ORCL",62.1182556152344
2022-09-26,"ORCL",61.0596923828125
2022-09-27,"ORCL",60.0684928894043
2022-09-28,"ORCL",60.6940078735352
2022-09-29,"ORCL",59.0869178771973
2022-09-30,"ORCL",58.7693519592285
2022-10-03,"ORCL",60.7036247253418
2022-10-04,"ORCL",63.2153015136719
2022-10-05,"ORCL",64.129508972168
2022-10-06,"ORCL",62.8400039672852
2022-10-07,"ORCL",60.9057197570801
2022-10-10,"ORCL",60.2128448486328
2022-10-11,"ORCL",60.367603302002
2022-10-12,"ORCL",61.6927642822266
2022-10-13,"ORCL",63.0662994384766
2022-10-14,"ORCL",62.2054252624512
2022-10-17,"ORCL",64.8267288208008
2022-10-18,"ORCL",64.8364105224609
2022-10-19,"ORCL",64.1303024291992
2022-10-20,"ORCL",66.9837646484375
2022-10-21,"ORCL",70.3208694458008
2022-10-24,"ORCL",70.5336685180664
2022-10-25,"ORCL",70.7464599609375
2022-10-26,"ORCL",72.3714828491211
2022-10-27,"ORCL",72.6906890869141
2022-10-28,"ORCL",74.828369140625
2022-10-31,"ORCL",75.51513671875
2022-11-01,"ORCL",74.586540222168
2022-11-02,"ORCL",72.6616668701172
2022-11-03,"ORCL",72.5746078491211
2022-11-04,"ORCL",73.5128631591797
2022-11-07,"ORCL",74.228645324707
2022-11-08,"ORCL",73.1646499633789
2022-11-09,"ORCL",73.1840057373047
2022-11-10,"ORCL",74.6445617675781
2022-11-11,"ORCL",75.1959075927734
2022-11-14,"ORCL",75.9600677490234
2022-11-15,"ORCL",76.5887985229492
2022-11-16,"ORCL",77.2755661010742
2022-11-17,"ORCL",76.6081390380859
2022-11-18,"ORCL",77.1208038330078
2022-11-21,"ORCL",77.2078628540039
2022-11-22,"ORCL",79.4325942993164
2022-11-23,"ORCL",79.8581771850586
2022-11-25,"ORCL",80.0129547119141
2022-11-28,"ORCL",78.7264709472656
2022-11-29,"ORCL",78.2041473388672
2022-11-30,"ORCL",80.3127975463867
2022-12-01,"ORCL",81.3574676513672
2022-12-02,"ORCL",80.6223220825195
2022-12-05,"ORCL",76.8306198120117
2022-12-06,"ORCL",76.3276214599609
2022-12-07,"ORCL",76.2018814086914
2022-12-08,"ORCL",77.4496841430664
2022-12-09,"ORCL",77.2465438842773
2022-12-12,"ORCL",78.6200790405273
2022-12-13,"ORCL",77.9236450195312
2022-12-14,"ORCL",79.1424102783203
2022-12-15,"ORCL",77.4496841430664
2022-12-16,"ORCL",76.975715637207
2022-12-19,"ORCL",77.865592956543
2022-12-20,"ORCL",78.2912063598633
2022-12-21,"ORCL",78.832878112793
2022-12-22,"ORCL",77.8559265136719
2022-12-23,"ORCL",78.2041473388672
2022-12-27,"ORCL",78.3299026489258
2022-12-28,"ORCL",77.701171875
2022-12-29,"ORCL",78.7361526489258
2022-12-30,"ORCL",79.0650177001953
2023-01-03,"ORCL",80.9802398681641
2023-01-04,"ORCL",81.7153549194336
2023-01-05,"ORCL",81.550910949707
2023-01-06,"ORCL",82.8567504882812
2023-01-09,"ORCL",83.9053115844727
2023-01-10,"ORCL",83.9829864501953
2023-01-11,"ORCL",86.0218811035156
2023-01-12,"ORCL",86.196647644043
2023-01-13,"ORCL",86.6044235229492
2023-01-17,"ORCL",86.0218811035156
2023-01-18,"ORCL",84.1868667602539
2023-01-19,"ORCL",83.4392929077148
2023-01-20,"ORCL",84.7111663818359
2023-01-23,"ORCL",86.3811264038086
2023-01-24,"ORCL",87.0898666381836
2023-01-25,"ORCL",87.0316314697266
2023-01-26,"ORCL",87.2161026000977
2023-01-27,"ORCL",86.400520324707
2023-01-30,"ORCL",84.8082504272461
2023-01-31,"ORCL",85.8859405517578
2023-02-01,"ORCL",87.4296951293945
2023-02-02,"ORCL",86.779182434082
2023-02-03,"ORCL",87.01220703125
2023-02-06,"ORCL",85.9539184570312
2023-02-07,"ORCL",85.1869049072266
2023-02-08,"ORCL",84.1674652099609
2023-02-09,"ORCL",84.1286163330078
2023-02-10,"ORCL",84.604362487793
2023-02-13,"ORCL",86.8180160522461
2023-02-14,"ORCL",86.4976196289062
2023-02-15,"ORCL",85.7694473266602
2023-02-16,"ORCL",85.16748046875
2023-02-17,"ORCL",84.7402877807617
2023-02-21,"ORCL",83.6917190551758
2023-02-22,"ORCL",83.8082275390625
2023-02-23,"ORCL",86.0024566650391
2023-02-24,"ORCL",86.0801391601562
2023-02-27,"ORCL",85.4004974365234
2023-02-28,"ORCL",84.8567962646484
2023-03-01,"ORCL",83.8276519775391
2023-03-02,"ORCL",84.439323425293
2023-03-03,"ORCL",86.6529693603516
2023-03-06,"ORCL",87.1287078857422
2023-03-07,"ORCL",85.7888641357422
2023-03-08,"ORCL",85.9150695800781
2023-03-09,"ORCL",84.3422164916992
2023-03-10,"ORCL",81.6236801147461
2023-03-13,"ORCL",82.4586639404297
2023-03-14,"ORCL",82.0994262695312
2023-03-15,"ORCL",80.5654220581055
2023-03-16,"ORCL",82.3518676757812
2023-03-17,"ORCL",82.7790679931641
2023-03-20,"ORCL",84.4295959472656
2023-03-21,"ORCL",85.0315628051758
2023-03-22,"ORCL",85.3422622680664
2023-03-23,"ORCL",85.2257308959961
2023-03-24,"ORCL",85.4490509033203
2023-03-27,"ORCL",87.5170593261719
2023-03-28,"ORCL",87.2354888916016
2023-03-29,"ORCL",87.9831085205078
2023-03-30,"ORCL",87.8763122558594
2023-03-31,"ORCL",90.2161560058594
2023-04-03,"ORCL",91.1870727539062
2023-04-04,"ORCL",91.2647476196289
2023-04-05,"ORCL",92.1288528442383
2023-04-06,"ORCL",93.1288757324219
2023-04-10,"ORCL",91.4129409790039
2023-04-11,"ORCL",91.61767578125
2023-04-12,"ORCL",91.549430847168
2023-04-13,"ORCL",93.1581192016602
2023-04-14,"ORCL",93.3141174316406
2023-04-17,"ORCL",93.1971130371094
2023-04-18,"ORCL",94.0550994873047
2023-04-19,"ORCL",93.4116134643555
2023-04-20,"ORCL",92.4561462402344
2023-04-21,"ORCL",92.7681350708008
2023-04-24,"ORCL",93.0508804321289
2023-04-25,"ORCL",91.7054138183594
2023-04-26,"ORCL",91.3641967773438
2023-04-27,"ORCL",92.6608963012695
2023-04-28,"ORCL",92.3488998413086
2023-05-01,"ORCL",92.4951400756836
2023-05-02,"ORCL",92.4268951416016
2023-05-03,"ORCL",92.4074096679688
2023-05-04,"ORCL",92.592643737793
2023-05-05,"ORCL",94.5425796508789
2023-05-08,"ORCL",94.3670806884766
2023-05-09,"ORCL",93.7333526611328
2023-05-10,"ORCL",95.0788040161133
2023-05-11,"ORCL",95.0008163452148
2023-05-12,"ORCL",95.4005584716797
2023-05-15,"ORCL",94.8253173828125
2023-05-16,"ORCL",95.7905349731445
2023-05-17,"ORCL",97.2724838256836
2023-05-18,"ORCL",99.7781448364258
2023-05-19,"ORCL",100.265632629395
2023-05-22,"ORCL",99.222412109375
2023-05-23,"ORCL",96.0732727050781
2023-05-24,"ORCL",95.8587799072266
2023-05-25,"ORCL",101.679344177246
2023-05-26,"ORCL",101.474601745605
2023-05-30,"ORCL",102.51781463623
2023-05-31,"ORCL",103.288032531738
2023-06-01,"ORCL",103.336784362793
2023-06-02,"ORCL",103.239288330078
2023-06-05,"ORCL",104.25325012207
2023-06-06,"ORCL",104.418998718262
2023-06-07,"ORCL",102.61531829834
2023-06-08,"ORCL",104.789489746094
2023-06-09,"ORCL",107.100158691406
2023-06-12,"ORCL",113.515441894531
2023-06-13,"ORCL",113.759185791016
2023-06-14,"ORCL",119.209251403809
2023-06-15,"ORCL",123.382110595703
2023-06-16,"ORCL",122.319389343262
2023-06-20,"ORCL",118.985008239746
2023-06-21,"ORCL",119.043510437012
2023-06-22,"ORCL",117.561561584473
2023-06-23,"ORCL",115.670127868652
2023-06-26,"ORCL",113.856689453125
2023-06-27,"ORCL",114.890144348145
2023-06-28,"ORCL",113.612945556641
2023-06-29,"ORCL",114.831657409668
2023-06-30,"ORCL",116.108848571777
2023-07-03,"ORCL",114.217414855957
2023-07-05,"ORCL",113.05721282959
2023-07-06,"ORCL",112.559967041016
2023-07-07,"ORCL",111.741004943848
2023-07-10,"ORCL",111.51676940918
2023-07-11,"ORCL",112.397308349609
2023-07-12,"ORCL",113.512664794922
2023-07-13,"ORCL",114.911766052246
2023-07-14,"ORCL",116.692443847656
2023-07-17,"ORCL",116.320655822754
2023-07-18,"ORCL",118.160018920898
2023-07-19,"ORCL",116.124969482422
2023-07-20,"ORCL",113.375701904297
2023-07-21,"ORCL",115.107452392578
2023-07-24,"ORCL",115.518379211426
2023-07-25,"ORCL",115.40096282959
2023-07-26,"ORCL",113.003913879395
2023-07-27,"ORCL",113.884460449219
2023-07-28,"ORCL",113.48331451416
2023-07-31,"ORCL",114.69652557373
2023-08-01,"ORCL",115.361839294434
2023-08-02,"ORCL",113.209365844727
2023-08-03,"ORCL",112.074447631836
2023-08-04,"ORCL",111.966819763184
2023-08-07,"ORCL",113.590950012207
2023-08-08,"ORCL",112.739753723145
2023-08-09,"ORCL",110.655776977539
2023-08-10,"ORCL",110.548156738281
2023-08-11,"ORCL",110.616645812988
2023-08-14,"ORCL",113.072395324707
2023-08-15,"ORCL",114.755233764648
2023-08-16,"ORCL",112.847366333008
2023-08-17,"ORCL",112.397308349609
2023-08-18,"ORCL",113.943168640137
2023-08-21,"ORCL",114.070358276367
2023-08-22,"ORCL",114.021446228027
2023-08-23,"ORCL",115.293342590332
2023-08-24,"ORCL",110.469886779785
2023-08-25,"ORCL",113.551811218262
2023-08-28,"ORCL",114.314949035645
2023-08-29,"ORCL",118.042610168457
2023-08-30,"ORCL",118.502456665039
2023-08-31,"ORCL",117.788238525391
2023-09-01,"ORCL",118.316558837891
2023-09-05,"ORCL",121.300651550293
2023-09-06,"ORCL",121.643081665039
2023-09-07,"ORCL",122.386657714844
2023-09-08,"ORCL",123.59008026123
2023-09-11,"ORCL",123.971633911133
2023-09-12,"ORCL",107.241195678711
2023-09-13,"ORCL",109.423004150391
2023-09-14,"ORCL",111.203681945801
2023-09-15,"ORCL",111.448272705078
2023-09-18,"ORCL",109.785003662109
2023-09-19,"ORCL",110.332901000977
2023-09-20,"ORCL",110.430763244629
2023-09-21,"ORCL",107.065093994141
2023-09-22,"ORCL",106.673728942871
2023-09-25,"ORCL",105.959510803223
2023-09-26,"ORCL",102.613426208496
2023-09-27,"ORCL",102.359039306641
2023-09-28,"ORCL",103.855979919434
2023-09-29,"ORCL",103.630935668945
2023-10-02,"ORCL",104.403877258301
2023-10-03,"ORCL",102.261207580566
2023-10-04,"ORCL",104.76587677002
2023-10-05,"ORCL",106.008422851562
2023-10-06,"ORCL",107.583633422852
2023-10-09,"ORCL",107.935859680176
2023-10-10,"ORCL",107.33903503418
2023-10-11,"ORCL",107.663093566895
2023-10-12,"ORCL",107.142646789551
2023-10-13,"ORCL",106.298156738281
2023-10-16,"ORCL",106.749855041504
2023-10-17,"ORCL",107.073905944824
2023-10-18,"ORCL",106.298156738281
2023-10-19,"ORCL",106.386520385742
2023-10-20,"ORCL",100.013542175293
2023-10-23,"ORCL",101.790916442871
2023-10-24,"ORCL",101.339202880859
2023-10-25,"ORCL",99.6011123657227
2023-10-26,"ORCL",98.5896911621094
2023-10-27,"ORCL",99.1690521240234
2023-10-30,"ORCL",99.8171539306641
2023-10-31,"ORCL",101.535598754883
2023-11-01,"ORCL",103.843231201172
2023-11-02,"ORCL",104.94303894043
2023-11-03,"ORCL",106.101760864258
2023-11-06,"ORCL",107.142646789551
2023-11-07,"ORCL",107.024810791016
2023-11-08,"ORCL",110.304580688477
2023-11-09,"ORCL",110.157287597656
2023-11-10,"ORCL",111.031234741211
2023-11-13,"ORCL",112.091766357422
2023-11-14,"ORCL",114.00659942627
2023-11-15,"ORCL",112.003402709961
2023-11-16,"ORCL",112.602394104004
2023-11-17,"ORCL",113.27995300293
2023-11-20,"ORCL",114.811820983887
2023-11-21,"ORCL",113.986968994141
2023-11-22,"ORCL",114.144081115723
2023-11-24,"ORCL",114.153907775879
2023-11-27,"ORCL",114.369941711426
2023-11-28,"ORCL",114.144081115723
2023-11-29,"ORCL",114.114624023438
2023-11-30,"ORCL",114.114624023438
2023-12-01,"ORCL",115.047492980957
2023-12-04,"ORCL",113.692375183105
2023-12-05,"ORCL",112.464920043945
2023-12-06,"ORCL",110.009994506836
2023-12-07,"ORCL",110.834846496582
2023-12-08,"ORCL",111.561500549316
2023-12-11,"ORCL",113.054092407227
2023-12-12,"ORCL",98.992301940918
2023-12-13,"ORCL",101.132987976074
2023-12-14,"ORCL",98.5013122558594
2023-12-15,"ORCL",101.457038879395
2023-12-18,"ORCL",103.106750488281
2023-12-19,"ORCL",104.334205627441
2023-12-20,"ORCL",102.272071838379
2023-12-21,"ORCL",103.951248168945
2023-12-22,"ORCL",104.285110473633
2023-12-26,"ORCL",104.275299072266
2023-12-27,"ORCL",104.029800415039
2023-12-28,"ORCL",104.334205627441
2023-12-29,"ORCL",103.528999328613
2024-01-02,"ORCL",102.183700561523
2024-01-03,"ORCL",100.61255645752
2024-01-04,"ORCL",100.740196228027
2024-01-05,"ORCL",100.877685546875
2024-01-08,"ORCL",102.772888183594
2024-01-09,"ORCL",101.761444091797
2024-01-10,"ORCL",102.441635131836
2024-01-11,"ORCL",103.279541015625
2024-01-12,"ORCL",105.083511352539
2024-01-16,"ORCL",105.053939819336
2024-01-17,"ORCL",104.915924072266
2024-01-18,"ORCL",107.153625488281
2024-01-19,"ORCL",108.109825134277
2024-01-22,"ORCL",108.533729553223
2024-01-23,"ORCL",110.239105224609
2024-01-24,"ORCL",112.68383026123
2024-01-25,"ORCL",113.364013671875
2024-01-26,"ORCL",113.009132385254
2024-01-29,"ORCL",112.131790161133
2024-01-30,"ORCL",112.535957336426
2024-01-31,"ORCL",110.110954284668
2024-02-01,"ORCL",113.886474609375
2024-02-02,"ORCL",114.142784118652
2024-02-05,"ORCL",114.734237670898
2024-02-06,"ORCL",113.65975189209
2024-02-07,"ORCL",115.601715087891
2024-02-08,"ORCL",115.020111083984
2024-02-09,"ORCL",114.980690002441
2024-02-12,"ORCL",114.19206237793
2024-02-13,"ORCL",112.062789916992
2024-02-14,"ORCL",112.634544372559
2024-02-15,"ORCL",111.175598144531
2024-02-16,"ORCL",109.726501464844
2024-02-20,"ORCL",106.907188415527
2024-02-21,"ORCL",106.621315002441
2024-02-22,"ORCL",109.430778503418
2024-02-23,"ORCL",110.357398986816
2024-02-26,"ORCL",109.391342163086
2024-02-27,"ORCL",109.795509338379
2024-02-28,"ORCL",110.091239929199
2024-02-29,"ORCL",110.091239929199
2024-03-01,"ORCL",112.16136932373
2024-03-04,"ORCL",112.437377929688
2024-03-05,"ORCL",109.361778259277
2024-03-06,"ORCL",110.672843933105
2024-03-07,"ORCL",112.910552978516
2024-03-08,"ORCL",110.820709228516
2024-03-11,"ORCL",112.506385803223
2024-03-12,"ORCL",125.725616455078
2024-03-13,"ORCL",123.734352111816
2024-03-14,"ORCL",123.744209289551
2024-03-15,"ORCL",123.754066467285
2024-03-18,"ORCL",125.981918334961
2024-03-19,"ORCL",127.352142333984
2024-03-20,"ORCL",127.401443481445
2024-03-21,"ORCL",127.174690246582
2024-03-22,"ORCL",125.972061157227
2024-03-25,"ORCL",124.286392211914
2024-03-26,"ORCL",124.670845031738
2024-03-27,"ORCL",123.487907409668
2024-03-28,"ORCL",123.823081970215
2024-04-01,"ORCL",123.694923400879
2024-04-02,"ORCL",122.571136474609
2024-04-03,"ORCL",124.444114685059
2024-04-04,"ORCL",122.423271179199
2024-04-05,"ORCL",123.123176574707
2024-04-08,"ORCL",122.581001281738
2024-04-09,"ORCL",121.868965148926
2024-04-10,"ORCL",120.405296325684
2024-04-11,"ORCL",121.878845214844
2024-04-12,"ORCL",119.772369384766
2024-04-15,"ORCL",118.555961608887
2024-04-16,"ORCL",119.287780761719
2024-04-17,"ORCL",117.359313964844
2024-04-18,"ORCL",114.718811035156
2024-04-19,"ORCL",113.611175537109
2024-04-22,"ORCL",113.265045166016
2024-04-23,"ORCL",113.818855285645
2024-04-24,"ORCL",114.066093444824
2024-04-25,"ORCL",113.621070861816
2024-04-26,"ORCL",115.915451049805
2024-04-29,"ORCL",115.203399658203
2024-04-30,"ORCL",112.49365234375
2024-05-01,"ORCL",113.36393737793
2024-05-02,"ORCL",113.690299987793
2024-05-03,"ORCL",114.521026611328
2024-05-06,"ORCL",117.03296661377
2024-05-07,"ORCL",116.627494812012
2024-05-08,"ORCL",116.093452453613
2024-05-09,"ORCL",115.351737976074
2024-05-10,"ORCL",115.381401062012
2024-05-13,"ORCL",115.08472442627
2024-05-14,"ORCL",119.535018920898
2024-05-15,"ORCL",120.28662109375
2024-05-16,"ORCL",120.810768127441
2024-05-17,"ORCL",122.135971069336
2024-05-20,"ORCL",123.14469909668
2024-05-21,"ORCL",123.253486633301
2024-05-22,"ORCL",123.223823547363
2024-05-23,"ORCL",122.719451904297
2024-05-24,"ORCL",121.552490234375
2024-05-28,"ORCL",123.115036010742
2024-05-29,"ORCL",122.373321533203
2024-05-30,"ORCL",115.796768188477
2024-05-31,"ORCL",115.895668029785
2024-06-03,"ORCL",117.962577819824
2024-06-04,"ORCL",118.743858337402
2024-06-05,"ORCL",121.275573730469
2024-06-06,"ORCL",122.135971069336
2024-06-07,"ORCL",124.529243469238
2024-06-10,"ORCL",123.124923706055
2024-06-11,"ORCL",122.511779785156
2024-06-12,"ORCL",138.829544067383
2024-06-13,"ORCL",138.305404663086
2024-06-14,"ORCL",136.604385375977
2024-06-17,"ORCL",139.749252319336
2024-06-18,"ORCL",143.04248046875
2024-06-20,"ORCL",141.331604003906
2024-06-21,"ORCL",139.93717956543
2024-06-24,"ORCL",138.344940185547
2024-06-25,"ORCL",137.632904052734
2024-06-26,"ORCL",136.703277587891
2024-06-27,"ORCL",138.631744384766
2024-06-28,"ORCL",139.640472412109
2024-07-01,"ORCL",141.509613037109
2024-07-02,"ORCL",141.697509765625
2024-07-03,"ORCL",142.785369873047
2024-07-05,"ORCL",143.230377197266
2024-07-08,"ORCL",143.428176879883
2024-07-09,"ORCL",139.126235961914
2024-07-10,"ORCL",140.500869750977
2024-07-11,"ORCL",141.581878662109
2024-07-12,"ORCL",143.575286865234
2024-07-15,"ORCL",141.889312744141
2024-07-16,"ORCL",141.433120727539
2024-07-17,"ORCL",138.110748291016
2024-07-18,"ORCL",136.890899658203
2024-07-19,"ORCL",137.416534423828
2024-07-22,"ORCL",139.013244628906
2024-07-23,"ORCL",141.928985595703
2024-07-24,"ORCL",137.624801635742
2024-07-25,"ORCL",136.682647705078
2024-07-26,"ORCL",137.862808227539
2024-07-29,"ORCL",137.168594360352
2024-07-30,"ORCL",134.550369262695
2024-07-31,"ORCL",138.299163818359
2024-08-01,"ORCL",136.375198364258
2024-08-02,"ORCL",132.180114746094
2024-08-05,"ORCL",126.804832458496
2024-08-06,"ORCL",127.151947021484
2024-08-07,"ORCL",124.861015319824
2024-08-08,"ORCL",127.895767211914
2024-08-09,"ORCL",130.970169067383
2024-08-12,"ORCL",131.485885620117
2024-08-13,"ORCL",133.15202331543
2024-08-14,"ORCL",134.480972290039
2024-08-15,"ORCL",135.79997253418
2024-08-16,"ORCL",136.335540771484
2024-08-19,"ORCL",136.781814575195
2024-08-20,"ORCL",138.021499633789
2024-08-21,"ORCL",139.042999267578
2024-08-22,"ORCL",136.940490722656
2024-08-23,"ORCL",138.04133605957
2024-08-26,"ORCL",137.753707885742
2024-08-27,"ORCL",137.337188720703
2024-08-28,"ORCL",136.742141723633
2024-08-29,"ORCL",138.269424438477
2024-08-30,"ORCL",140.123992919922
2024-09-03,"ORCL",138.348770141602
2024-09-04,"ORCL",139.588455200195
2024-09-05,"ORCL",141.433120727539
2024-09-06,"ORCL",140.639694213867
2024-09-09,"ORCL",138.735549926758
2024-09-10,"ORCL",154.603515625
2024-09-11,"ORCL",155.882873535156
2024-09-12,"ORCL",160.048217773438
2024-09-13,"ORCL",160.692855834961
2024-09-16,"ORCL",168.924346923828
2024-09-17,"ORCL",166.087951660156
2024-09-18,"ORCL",163.172210693359
2024-09-19,"ORCL",166.206954956055
2024-09-20,"ORCL",166.613571166992
2024-09-23,"ORCL",164.580490112305
2024-09-24,"ORCL",164.431732177734
2024-09-25,"ORCL",164.907775878906
2024-09-26,"ORCL",166.712753295898
2024-09-27,"ORCL",167.347473144531
2024-09-30,"ORCL",168.993774414062
2024-10-01,"ORCL",165.780517578125
2024-10-02,"ORCL",166.325973510742
2024-10-03,"ORCL",165.482986450195
2024-10-04,"ORCL",169.449981689453
2024-10-07,"ORCL",168.567321777344
2024-10-08,"ORCL",172.930999755859
2024-10-09,"ORCL",176.818664550781
2024-10-10,"ORCL",174.353607177734
2024-10-11,"ORCL",174.71142578125
2024-10-14,"ORCL",175.059310913086
2024-10-15,"ORCL",173.041534423828
2024-10-16,"ORCL",173.71745300293
2024-10-17,"ORCL",174.621948242188
2024-10-18,"ORCL",173.637939453125
2024-10-21,"ORCL",172.713531494141
2024-10-22,"ORCL",174.254196166992
2024-10-23,"ORCL",172.057525634766
2024-10-24,"ORCL",173.329803466797
2024-10-25,"ORCL",172.474975585938
2024-10-28,"ORCL",171.381591796875
2024-10-29,"ORCL",172.385513305664
2024-10-30,"ORCL",173.508712768555
2024-10-31,"ORCL",166.829177856445
2024-11-01,"ORCL",168.996063232422
2024-11-04,"ORCL",168.568649291992
2024-11-05,"ORCL",170.745452880859
2024-11-06,"ORCL",180.148483276367
2024-11-07,"ORCL",185.247589111328
2024-11-08,"ORCL",188.110244750977
2024-11-11,"ORCL",187.990966796875
2024-11-12,"ORCL",188.438262939453
2024-11-13,"ORCL",188.48796081543
2024-11-14,"ORCL",185.923492431641
2024-11-15,"ORCL",182.633438110352
2024-11-18,"ORCL",184.611434936523
2024-11-19,"ORCL",187.762344360352
2024-11-20,"ORCL",189.601211547852
2024-11-21,"ORCL",191.271087646484
2024-11-22,"ORCL",191.131927490234
2024-11-25,"ORCL",186.857833862305
2024-11-26,"ORCL",189.223480224609
2024-11-27,"ORCL",181.599685668945
2024-11-29,"ORCL",183.726806640625
2024-12-02,"ORCL",180.317459106445
2024-12-03,"ORCL",181.788543701172
2024-12-04,"ORCL",187.056625366211
2024-12-05,"ORCL",185.118377685547
2024-12-06,"ORCL",190.535552978516
2024-12-09,"ORCL",189.303024291992
2024-12-10,"ORCL",176.669570922852
2024-12-11,"ORCL",177.504501342773
2024-12-12,"ORCL",174.264144897461
2024-12-13,"ORCL",172.345748901367
2024-12-16,"ORCL",170.198760986328
2024-12-17,"ORCL",168.687927246094
2024-12-18,"ORCL",164.413818359375
2024-12-19,"ORCL",167.773468017578
2024-12-20,"ORCL",168.638214111328
2024-12-23,"ORCL",168.121353149414
2024-12-24,"ORCL",170.377685546875
2024-12-26,"ORCL",170.646057128906
2024-12-27,"ORCL",167.942443847656
2024-12-30,"ORCL",165.904800415039
2024-12-31,"ORCL",165.636413574219
2025-01-02,"ORCL",165.030090332031
2025-01-03,"ORCL",165.318344116211
2025-01-06,"ORCL",164.692138671875
2025-01-07,"ORCL",161.054168701172
2025-01-08,"ORCL",162.157485961914
2025-01-10,"ORCL",153.946990966797
2025-01-13,"ORCL",153.369064331055
2025-01-14,"ORCL",155.750503540039
2025-01-15,"ORCL",157.743347167969
2025-01-16,"ORCL",158.968933105469
2025-01-17,"ORCL",160.45361328125
2025-01-21,"ORCL",171.95231628418
2025-01-22,"ORCL",183.560607910156
2025-01-23,"ORCL",185.802551269531
2025-01-24,"ORCL",182.942825317383
2025-01-27,"ORCL",157.713455200195
2025-01-28,"ORCL",163.412979125977
2025-01-29,"ORCL",161.440078735352
2025-01-30,"ORCL",169.770156860352
2025-01-31,"ORCL",169.451293945312
2025-02-03,"ORCL",167.996520996094
2025-02-04,"ORCL",167.2890625
2025-02-05,"ORCL",171.045562744141
2025-02-06,"ORCL",171.733093261719
2025-02-07,"ORCL",173.835540771484
2025-02-10,"ORCL",178.279571533203
2025-02-11,"ORCL",176.555770874023
2025-02-12,"ORCL",171.603561401367
2025-02-13,"ORCL",173.237686157227
2025-02-14,"ORCL",173.53662109375
2025-02-18,"ORCL",179.156433105469
2025-02-19,"ORCL",180.870269775391
2025-02-20,"ORCL",175.370025634766
2025-02-21,"ORCL",167.209335327148
2025-02-24,"ORCL",169.351654052734
2025-02-25,"ORCL",167.936721801758
2025-02-26,"ORCL",171.852661132812
2025-02-27,"ORCL",164.170257568359
2025-02-28,"ORCL",165.465606689453
2025-03-03,"ORCL",161.440078735352
2025-03-04,"ORCL",156.906356811523
2025-03-05,"ORCL",160.981719970703
2025-03-06,"ORCL",150.39973449707
2025-03-07,"ORCL",154.604629516602
2025-03-10,"ORCL",148.257415771484
2025-03-11,"ORCL",143.663925170898
2025-03-12,"ORCL",150.349914550781
2025-03-13,"ORCL",147.131469726562
2025-03-14,"ORCL",148.735717773438
2025-03-17,"ORCL",153.458740234375
2025-03-18,"ORCL",148.915054321289
2025-03-19,"ORCL",151.904327392578
2025-03-20,"ORCL",152.173355102539
2025-03-21,"ORCL",151.685104370117
2025-03-24,"ORCL",154.315658569336
2025-03-25,"ORCL",153.379013061523
2025-03-26,"ORCL",147.270965576172
2025-03-27,"ORCL",145.258193969727
2025-03-28,"ORCL",140.365768432617
2025-03-31,"ORCL",139.3095703125
2025-04-01,"ORCL",141.431945800781
2025-04-02,"ORCL",145.337905883789
2025-04-03,"ORCL",136.738800048828
2025-04-04,"ORCL",127.810874938965
2025-04-07,"ORCL",126.704849243164
2025-04-08,"ORCL",124.05436706543
2025-04-09,"ORCL",139.190002441406
2025-04-10,"ORCL",133.350006103516
2025-04-11,"ORCL",132.350006103516
2025-04-14,"ORCL",134.639999389648
2025-04-15,"ORCL",133.940002441406
2025-04-16,"ORCL",129.759994506836
2025-04-17,"ORCL",128.619995117188
2025-04-21,"ORCL",122.819999694824
2025-04-22,"ORCL",127.23999786377
2025-04-23,"ORCL",131.399993896484
2025-04-24,"ORCL",137.509994506836
2025-04-25,"ORCL",138.490005493164
2025-04-28,"ORCL",140.139999389648
2025-04-29,"ORCL",140.789993286133
2025-04-30,"ORCL",140.720001220703
2020-01-02,"MSFT",153.042297363281
2020-01-03,"MSFT",151.136642456055
2020-01-06,"MSFT",151.527313232422
2020-01-07,"MSFT",150.145751953125
2020-01-08,"MSFT",152.537322998047
2020-01-09,"MSFT",154.442947387695
2020-01-10,"MSFT",153.728332519531
2020-01-13,"MSFT",155.576797485352
2020-01-14,"MSFT",154.481063842773
2020-01-15,"MSFT",155.481536865234
2020-01-16,"MSFT",158.330490112305
2020-01-17,"MSFT",159.216613769531
2020-01-21,"MSFT",158.644882202148
2020-01-22,"MSFT",157.882629394531
2020-01-23,"MSFT",158.854476928711
2020-01-24,"MSFT",157.25373840332
2020-01-27,"MSFT",154.623992919922
2020-01-28,"MSFT",157.653945922852
2020-01-29,"MSFT",160.112243652344
2020-01-30,"MSFT",164.628646850586
2020-01-31,"MSFT",162.198928833008
2020-02-03,"MSFT",166.15315246582
2020-02-04,"MSFT",171.622344970703
2020-02-05,"MSFT",171.412719726562
2020-02-06,"MSFT",174.966766357422
2020-02-07,"MSFT",175.214477539062
2020-02-10,"MSFT",179.797546386719
2020-02-11,"MSFT",175.738525390625
2020-02-12,"MSFT",175.995803833008
2020-02-13,"MSFT",175.04296875
2020-02-14,"MSFT",176.605590820312
2020-02-18,"MSFT",178.396926879883
2020-02-19,"MSFT",178.931930541992
2020-02-20,"MSFT",176.199401855469
2020-02-21,"MSFT",170.629302978516
2020-02-24,"MSFT",163.272537231445
2020-02-25,"MSFT",160.578216552734
2020-02-26,"MSFT",162.584609985352
2020-02-27,"MSFT",151.129043579102
2020-02-28,"MSFT",154.788330078125
2020-03-02,"MSFT",165.087829589844
2020-03-03,"MSFT",157.176910400391
2020-03-04,"MSFT",162.947677612305
2020-03-05,"MSFT",158.858489990234
2020-03-06,"MSFT",154.367980957031
2020-03-09,"MSFT",143.906036376953
2020-03-10,"MSFT",153.746932983398
2020-03-11,"MSFT",146.781890869141
2020-03-12,"MSFT",132.861358642578
2020-03-13,"MSFT",151.750137329102
2020-03-16,"MSFT",129.383605957031
2020-03-17,"MSFT",140.036605834961
2020-03-18,"MSFT",134.141632080078
2020-03-19,"MSFT",136.3486328125
2020-03-20,"MSFT",131.227645874023
2020-03-23,"MSFT",129.91862487793
2020-03-24,"MSFT",141.727661132812
2020-03-25,"MSFT",140.370986938477
2020-03-26,"MSFT",149.151351928711
2020-03-27,"MSFT",143.027053833008
2020-03-30,"MSFT",153.087692260742
2020-03-31,"MSFT",150.680038452148
2020-04-01,"MSFT",145.329666137695
2020-04-02,"MSFT",148.339248657227
2020-04-03,"MSFT",146.97297668457
2020-04-06,"MSFT",157.903015136719
2020-04-07,"MSFT",156.202392578125
2020-04-08,"MSFT",157.769271850586
2020-04-09,"MSFT",157.778839111328
2020-04-13,"MSFT",158.132339477539
2020-04-14,"MSFT",165.957260131836
2020-04-15,"MSFT",164.218399047852
2020-04-16,"MSFT",169.148406982422
2020-04-17,"MSFT",170.638870239258
2020-04-20,"MSFT",167.256652832031
2020-04-21,"MSFT",160.339385986328
2020-04-22,"MSFT",165.785308837891
2020-04-23,"MSFT",163.778869628906
2020-04-24,"MSFT",166.769378662109
2020-04-27,"MSFT",166.29167175293
2020-04-28,"MSFT",162.240631103516
2020-04-29,"MSFT",169.520980834961
2020-04-30,"MSFT",171.2216796875
2020-05-01,"MSFT",166.788513183594
2020-05-04,"MSFT",170.8681640625
2020-05-05,"MSFT",172.702560424805
2020-05-06,"MSFT",174.403213500977
2020-05-07,"MSFT",175.416015625
2020-05-08,"MSFT",176.447845458984
2020-05-11,"MSFT",178.416015625
2020-05-12,"MSFT",174.374572753906
2020-05-13,"MSFT",171.737594604492
2020-05-14,"MSFT",172.482864379883
2020-05-15,"MSFT",174.995590209961
2020-05-18,"MSFT",176.667587280273
2020-05-19,"MSFT",175.444625854492
2020-05-20,"MSFT",177.878204345703
2020-05-21,"MSFT",175.741622924805
2020-05-22,"MSFT",175.818252563477
2020-05-26,"MSFT",173.959625244141
2020-05-27,"MSFT",174.189575195312
2020-05-28,"MSFT",173.796752929688
2020-05-29,"MSFT",175.569213867188
2020-06-01,"MSFT",175.166778564453
2020-06-02,"MSFT",177.159622192383
2020-06-03,"MSFT",177.590774536133
2020-06-04,"MSFT",175.253021240234
2020-06-05,"MSFT",179.353607177734
2020-06-08,"MSFT",180.46501159668
2020-06-09,"MSFT",181.844665527344
2020-06-10,"MSFT",188.589569091797
2020-06-11,"MSFT",178.462600708008
2020-06-12,"MSFT",179.871047973633
2020-06-15,"MSFT",181.020706176758
2020-06-16,"MSFT",185.456619262695
2020-06-17,"MSFT",186.098571777344
2020-06-18,"MSFT",188.091384887695
2020-06-19,"MSFT",186.970413208008
2020-06-22,"MSFT",192.163238525391
2020-06-23,"MSFT",193.447082519531
2020-06-24,"MSFT",189.547668457031
2020-06-25,"MSFT",191.942886352539
2020-06-26,"MSFT",188.100967407227
2020-06-29,"MSFT",190.122528076172
2020-06-30,"MSFT",194.980041503906
2020-07-01,"MSFT",196.1201171875
2020-07-02,"MSFT",197.614685058594
2020-07-06,"MSFT",201.868637084961
2020-07-07,"MSFT",199.521347045898
2020-07-08,"MSFT",203.909332275391
2020-07-09,"MSFT",205.3369140625
2020-07-10,"MSFT",204.714172363281
2020-07-13,"MSFT",198.390808105469
2020-07-14,"MSFT",199.617172241211
2020-07-15,"MSFT",199.32014465332
2020-07-16,"MSFT",195.372833251953
2020-07-17,"MSFT",194.37646484375
2020-07-20,"MSFT",202.730911254883
2020-07-21,"MSFT",200.000350952148
2020-07-22,"MSFT",202.874633789062
2020-07-23,"MSFT",194.050628662109
2020-07-24,"MSFT",192.86262512207
2020-07-27,"MSFT",195.305740356445
2020-07-28,"MSFT",193.552490234375
2020-07-29,"MSFT",195.506942749023
2020-07-30,"MSFT",195.353668212891
2020-07-31,"MSFT",196.417129516602
2020-08-03,"MSFT",207.463821411133
2020-08-04,"MSFT",204.350082397461
2020-08-05,"MSFT",204.014770507812
2020-08-06,"MSFT",207.281814575195
2020-08-07,"MSFT",203.574035644531
2020-08-10,"MSFT",199.521347045898
2020-08-11,"MSFT",194.855453491211
2020-08-12,"MSFT",200.421966552734
2020-08-13,"MSFT",199.952453613281
2020-08-14,"MSFT",200.144119262695
2020-08-17,"MSFT",201.466262817383
2020-08-18,"MSFT",202.625549316406
2020-08-19,"MSFT",201.396194458008
2020-08-20,"MSFT",206.082992553711
2020-08-21,"MSFT",204.584777832031
2020-08-24,"MSFT",205.22819519043
2020-08-25,"MSFT",207.898193359375
2020-08-26,"MSFT",212.392807006836
2020-08-27,"MSFT",217.607757568359
2020-08-28,"MSFT",219.845520019531
2020-08-31,"MSFT",216.599395751953
2020-09-01,"MSFT",218.270492553711
2020-09-02,"MSFT",222.477005004883
2020-09-03,"MSFT",208.6953125
2020-09-04,"MSFT",205.766036987305
2020-09-08,"MSFT",194.635009765625
2020-09-09,"MSFT",202.923263549805
2020-09-10,"MSFT",197.237670898438
2020-09-11,"MSFT",195.950744628906
2020-09-14,"MSFT",197.276123046875
2020-09-15,"MSFT",200.512680053711
2020-09-16,"MSFT",196.930389404297
2020-09-17,"MSFT",194.875106811523
2020-09-18,"MSFT",192.454895019531
2020-09-21,"MSFT",194.519729614258
2020-09-22,"MSFT",199.206497192383
2020-09-23,"MSFT",192.64697265625
2020-09-24,"MSFT",195.144012451172
2020-09-25,"MSFT",199.590667724609
2020-09-28,"MSFT",201.146499633789
2020-09-29,"MSFT",199.052810668945
2020-09-30,"MSFT",202.001281738281
2020-10-01,"MSFT",204.046920776367
2020-10-02,"MSFT",198.025207519531
2020-10-05,"MSFT",202.049285888672
2020-10-06,"MSFT",197.756301879883
2020-10-07,"MSFT",201.521057128906
2020-10-08,"MSFT",202.241348266602
2020-10-09,"MSFT",207.264282226562
2020-10-12,"MSFT",212.632949829102
2020-10-13,"MSFT",214.035095214844
2020-10-14,"MSFT",212.114288330078
2020-10-15,"MSFT",210.961853027344
2020-10-16,"MSFT",210.961853027344
2020-10-19,"MSFT",205.737228393555
2020-10-20,"MSFT",206.150177001953
2020-10-21,"MSFT",206.29426574707
2020-10-22,"MSFT",206.380676269531
2020-10-23,"MSFT",207.66764831543
2020-10-26,"MSFT",201.761154174805
2020-10-27,"MSFT",204.805648803711
2020-10-28,"MSFT",194.654174804688
2020-10-29,"MSFT",196.61344909668
2020-10-30,"MSFT",194.452514648438
2020-11-02,"MSFT",194.318084716797
2020-11-03,"MSFT",198.25569152832
2020-11-04,"MSFT",207.8212890625
2020-11-05,"MSFT",214.44807434082
2020-11-06,"MSFT",214.861053466797
2020-11-09,"MSFT",209.742126464844
2020-11-10,"MSFT",202.654357910156
2020-11-11,"MSFT",207.974960327148
2020-11-12,"MSFT",206.908920288086
2020-11-13,"MSFT",207.936538696289
2020-11-16,"MSFT",208.628036499023
2020-11-17,"MSFT",205.967758178711
2020-11-18,"MSFT",203.252319335938
2020-11-19,"MSFT",204.542617797852
2020-11-20,"MSFT",202.587936401367
2020-11-23,"MSFT",202.318252563477
2020-11-24,"MSFT",205.92919921875
2020-11-25,"MSFT",205.938858032227
2020-11-27,"MSFT",207.248352050781
2020-11-30,"MSFT",206.131484985352
2020-12-01,"MSFT",208.192092895508
2020-12-02,"MSFT",207.383209228516
2020-12-03,"MSFT",206.295135498047
2020-12-04,"MSFT",206.410705566406
2020-12-07,"MSFT",206.343276977539
2020-12-08,"MSFT",207.999481201172
2020-12-09,"MSFT",203.945602416992
2020-12-10,"MSFT",202.713073730469
2020-12-11,"MSFT",205.351440429688
2020-12-14,"MSFT",206.256561279297
2020-12-15,"MSFT",206.189224243164
2020-12-16,"MSFT",211.148193359375
2020-12-17,"MSFT",211.28303527832
2020-12-18,"MSFT",210.483825683594
2020-12-21,"MSFT",214.33544921875
2020-12-22,"MSFT",215.635406494141
2020-12-23,"MSFT",212.823699951172
2020-12-24,"MSFT",214.489547729492
2020-12-28,"MSFT",216.617599487305
2020-12-29,"MSFT",215.837585449219
2020-12-30,"MSFT",213.459228515625
2020-12-31,"MSFT",214.171752929688
2021-01-04,"MSFT",209.617156982422
2021-01-05,"MSFT",209.819381713867
2021-01-06,"MSFT",204.37890625
2021-01-07,"MSFT",210.194931030273
2021-01-08,"MSFT",211.475601196289
2021-01-11,"MSFT",209.424591064453
2021-01-12,"MSFT",206.959548950195
2021-01-13,"MSFT",208.31721496582
2021-01-14,"MSFT",205.120376586914
2021-01-15,"MSFT",204.764083862305
2021-01-19,"MSFT",208.413528442383
2021-01-20,"MSFT",216.020538330078
2021-01-21,"MSFT",216.627227783203
2021-01-22,"MSFT",217.570861816406
2021-01-25,"MSFT",221.018127441406
2021-01-26,"MSFT",223.714263916016
2021-01-27,"MSFT",224.263122558594
2021-01-28,"MSFT",230.06950378418
2021-01-29,"MSFT",223.358016967773
2021-02-01,"MSFT",230.762847900391
2021-02-02,"MSFT",230.628005981445
2021-02-03,"MSFT",233.988571166992
2021-02-04,"MSFT",233.035308837891
2021-02-05,"MSFT",233.218215942383
2021-02-08,"MSFT",233.478210449219
2021-02-09,"MSFT",234.730041503906
2021-02-10,"MSFT",233.815277099609
2021-02-11,"MSFT",235.423355102539
2021-02-12,"MSFT",235.90478515625
2021-02-16,"MSFT",234.662628173828
2021-02-17,"MSFT",235.685653686523
2021-02-18,"MSFT",235.289947509766
2021-02-19,"MSFT",232.568313598633
2021-02-22,"MSFT",226.33349609375
2021-02-23,"MSFT",225.136764526367
2021-02-24,"MSFT",226.372116088867
2021-02-25,"MSFT",221.005981445312
2021-02-26,"MSFT",224.277801513672
2021-03-01,"MSFT",228.678802490234
2021-03-02,"MSFT",225.715850830078
2021-03-03,"MSFT",219.62580871582
2021-03-04,"MSFT",218.824783325195
2021-03-05,"MSFT",223.524948120117
2021-03-08,"MSFT",219.461761474609
2021-03-09,"MSFT",225.628982543945
2021-03-10,"MSFT",224.316390991211
2021-03-11,"MSFT",228.862167358398
2021-03-12,"MSFT",227.530288696289
2021-03-15,"MSFT",226.623046875
2021-03-16,"MSFT",229.421936035156
2021-03-17,"MSFT",228.775283813477
2021-03-18,"MSFT",222.675674438477
2021-03-19,"MSFT",222.318572998047
2021-03-22,"MSFT",227.761932373047
2021-03-23,"MSFT",229.296508789062
2021-03-24,"MSFT",227.250396728516
2021-03-25,"MSFT",224.239181518555
2021-03-26,"MSFT",228.234832763672
2021-03-29,"MSFT",227.038070678711
2021-03-30,"MSFT",223.766265869141
2021-03-31,"MSFT",227.549575805664
2021-04-01,"MSFT",233.900177001953
2021-04-05,"MSFT",240.385879516602
2021-04-06,"MSFT",239.218063354492
2021-04-07,"MSFT",241.186920166016
2021-04-08,"MSFT",244.420120239258
2021-04-09,"MSFT",246.929473876953
2021-04-12,"MSFT",246.987350463867
2021-04-13,"MSFT",249.477478027344
2021-04-14,"MSFT",246.678573608398
2021-04-15,"MSFT",250.452178955078
2021-04-16,"MSFT",251.649032592773
2021-04-19,"MSFT",249.718704223633
2021-04-20,"MSFT",249.255477905273
2021-04-21,"MSFT",251.494537353516
2021-04-22,"MSFT",248.203460693359
2021-04-23,"MSFT",252.044662475586
2021-04-26,"MSFT",252.430709838867
2021-04-27,"MSFT",252.836090087891
2021-04-28,"MSFT",245.684448242188
2021-04-29,"MSFT",243.705902099609
2021-04-30,"MSFT",243.387390136719
2021-05-03,"MSFT",243.07861328125
2021-05-04,"MSFT",239.150497436523
2021-05-05,"MSFT",237.876525878906
2021-05-06,"MSFT",241.022842407227
2021-05-07,"MSFT",243.657669067383
2021-05-10,"MSFT",238.561767578125
2021-05-11,"MSFT",237.644882202148
2021-05-12,"MSFT",230.6669921875
2021-05-13,"MSFT",234.55647277832
2021-05-14,"MSFT",239.497940063477
2021-05-17,"MSFT",236.631484985352
2021-05-18,"MSFT",234.604721069336
2021-05-19,"MSFT",235.185134887695
2021-05-20,"MSFT",238.435440063477
2021-05-21,"MSFT",237.168182373047
2021-05-24,"MSFT",242.595092773438
2021-05-25,"MSFT",243.504425048828
2021-05-26,"MSFT",243.281951904297
2021-05-27,"MSFT",241.173095703125
2021-05-28,"MSFT",241.531036376953
2021-06-01,"MSFT",239.325439453125
2021-06-02,"MSFT",239.228698730469
2021-06-03,"MSFT",237.690643310547
2021-06-04,"MSFT",242.604797363281
2021-06-07,"MSFT",245.526245117188
2021-06-08,"MSFT",244.326690673828
2021-06-09,"MSFT",245.313430786133
2021-06-10,"MSFT",248.844299316406
2021-06-11,"MSFT",249.473052978516
2021-06-14,"MSFT",251.407821655273
2021-06-15,"MSFT",249.927734375
2021-06-16,"MSFT",248.979705810547
2021-06-17,"MSFT",252.384887695312
2021-06-18,"MSFT",250.962799072266
2021-06-21,"MSFT",254.05842590332
2021-06-22,"MSFT",256.844360351562
2021-06-23,"MSFT",256.612182617188
2021-06-24,"MSFT",257.985870361328
2021-06-25,"MSFT",256.370361328125
2021-06-28,"MSFT",259.949615478516
2021-06-29,"MSFT",262.542144775391
2021-06-30,"MSFT",262.058502197266
2021-07-01,"MSFT",262.735595703125
2021-07-02,"MSFT",268.588134765625
2021-07-06,"MSFT",268.597808837891
2021-07-07,"MSFT",270.793701171875
2021-07-08,"MSFT",268.365631103516
2021-07-09,"MSFT",268.868713378906
2021-07-12,"MSFT",268.268951416016
2021-07-13,"MSFT",271.809448242188
2021-07-14,"MSFT",273.28955078125
2021-07-15,"MSFT",271.857879638672
2021-07-16,"MSFT",271.587036132812
2021-07-19,"MSFT",267.969146728516
2021-07-20,"MSFT",270.20361328125
2021-07-21,"MSFT",272.215759277344
2021-07-22,"MSFT",276.801025390625
2021-07-23,"MSFT",280.215850830078
2021-07-26,"MSFT",279.616058349609
2021-07-27,"MSFT",277.188018798828
2021-07-28,"MSFT",276.878509521484
2021-07-29,"MSFT",277.149322509766
2021-07-30,"MSFT",275.611175537109
2021-08-02,"MSFT",275.524108886719
2021-08-03,"MSFT",277.749084472656
2021-08-04,"MSFT",277.158996582031
2021-08-05,"MSFT",280.070709228516
2021-08-06,"MSFT",280.012786865234
2021-08-09,"MSFT",278.919616699219
2021-08-10,"MSFT",277.091278076172
2021-08-11,"MSFT",277.584625244141
2021-08-12,"MSFT",280.351318359375
2021-08-13,"MSFT",283.292022705078
2021-08-16,"MSFT",284.985015869141
2021-08-17,"MSFT",283.514556884766
2021-08-18,"MSFT",281.779663085938
2021-08-19,"MSFT",287.633697509766
2021-08-20,"MSFT",294.990081787109
2021-08-23,"MSFT",295.271087646484
2021-08-24,"MSFT",293.303588867188
2021-08-25,"MSFT",292.71240234375
2021-08-26,"MSFT",289.882263183594
2021-08-27,"MSFT",290.492919921875
2021-08-30,"MSFT",294.243804931641
2021-08-31,"MSFT",292.58642578125
2021-09-01,"MSFT",292.537872314453
2021-09-02,"MSFT",291.87890625
2021-09-03,"MSFT",291.869140625
2021-09-07,"MSFT",290.938751220703
2021-09-08,"MSFT",290.967803955078
2021-09-09,"MSFT",288.098968505859
2021-09-10,"MSFT",286.606292724609
2021-09-13,"MSFT",287.846954345703
2021-09-14,"MSFT",290.560729980469
2021-09-15,"MSFT",295.435882568359
2021-09-16,"MSFT",295.823638916016
2021-09-17,"MSFT",290.638275146484
2021-09-20,"MSFT",285.23974609375
2021-09-21,"MSFT",285.724334716797
2021-09-22,"MSFT",289.388000488281
2021-09-23,"MSFT",290.337890625
2021-09-24,"MSFT",290.134307861328
2021-09-27,"MSFT",285.113830566406
2021-09-28,"MSFT",274.791656494141
2021-09-29,"MSFT",275.2568359375
2021-09-30,"MSFT",273.240905761719
2021-10-01,"MSFT",280.199829101562
2021-10-04,"MSFT",274.394195556641
2021-10-05,"MSFT",279.870300292969
2021-10-06,"MSFT",284.086395263672
2021-10-07,"MSFT",285.772857666016
2021-10-08,"MSFT",285.772857666016
2021-10-11,"MSFT",285.171966552734
2021-10-12,"MSFT",283.863464355469
2021-10-13,"MSFT",287.187896728516
2021-10-14,"MSFT",293.429534912109
2021-10-15,"MSFT",294.844665527344
2021-10-18,"MSFT",297.829833984375
2021-10-19,"MSFT",298.741027832031
2021-10-20,"MSFT",297.946197509766
2021-10-21,"MSFT",301.193054199219
2021-10-22,"MSFT",299.642272949219
2021-10-25,"MSFT",298.644073486328
2021-10-26,"MSFT",300.563049316406
2021-10-27,"MSFT",313.220947265625
2021-10-28,"MSFT",314.364685058594
2021-10-29,"MSFT",321.410827636719
2021-11-01,"MSFT",319.230133056641
2021-11-02,"MSFT",322.874359130859
2021-11-03,"MSFT",323.717590332031
2021-11-04,"MSFT",326.082427978516
2021-11-05,"MSFT",325.714172363281
2021-11-08,"MSFT",326.615509033203
2021-11-09,"MSFT",325.607543945312
2021-11-10,"MSFT",320.615997314453
2021-11-11,"MSFT",322.195861816406
2021-11-12,"MSFT",326.353881835938
2021-11-15,"MSFT",325.723907470703
2021-11-16,"MSFT",329.057952880859
2021-11-17,"MSFT",329.28125
2021-11-18,"MSFT",331.368927001953
2021-11-19,"MSFT",333.155517578125
2021-11-22,"MSFT",329.970642089844
2021-11-23,"MSFT",327.883056640625
2021-11-24,"MSFT",328.106414794922
2021-11-26,"MSFT",320.115173339844
2021-11-29,"MSFT",326.863525390625
2021-11-30,"MSFT",320.998748779297
2021-12-01,"MSFT",320.503509521484
2021-12-02,"MSFT",319.9306640625
2021-12-03,"MSFT",313.638610839844
2021-12-06,"MSFT",316.726409912109
2021-12-07,"MSFT",325.203216552734
2021-12-08,"MSFT",325.251647949219
2021-12-09,"MSFT",323.435943603516
2021-12-10,"MSFT",332.602020263672
2021-12-13,"MSFT",329.553161621094
2021-12-14,"MSFT",318.813995361328
2021-12-15,"MSFT",324.94091796875
2021-12-16,"MSFT",315.473846435547
2021-12-17,"MSFT",314.40576171875
2021-12-20,"MSFT",310.628540039062
2021-12-21,"MSFT",317.794525146484
2021-12-22,"MSFT",323.532989501953
2021-12-23,"MSFT",324.979827880859
2021-12-27,"MSFT",332.514678955078
2021-12-28,"MSFT",331.349487304688
2021-12-29,"MSFT",332.029205322266
2021-12-30,"MSFT",329.475463867188
2021-12-31,"MSFT",326.562530517578
2022-01-03,"MSFT",325.038024902344
2022-01-04,"MSFT",319.464630126953
2022-01-05,"MSFT",307.200988769531
2022-01-06,"MSFT",304.773559570312
2022-01-07,"MSFT",304.928955078125
2022-01-10,"MSFT",305.152160644531
2022-01-11,"MSFT",305.841644287109
2022-01-12,"MSFT",309.0361328125
2022-01-13,"MSFT",295.956970214844
2022-01-14,"MSFT",301.200286865234
2022-01-18,"MSFT",293.869323730469
2022-01-19,"MSFT",294.529663085938
2022-01-20,"MSFT",292.849853515625
2022-01-21,"MSFT",287.441497802734
2022-01-24,"MSFT",287.771514892578
2022-01-25,"MSFT",280.120147705078
2022-01-26,"MSFT",288.101623535156
2022-01-27,"MSFT",291.140869140625
2022-01-28,"MSFT",299.316558837891
2022-01-31,"MSFT",301.957702636719
2022-02-01,"MSFT",299.802093505859
2022-02-02,"MSFT",304.365753173828
2022-02-03,"MSFT",292.509918212891
2022-02-04,"MSFT",297.063903808594
2022-02-07,"MSFT",292.218627929688
2022-02-08,"MSFT",295.723907470703
2022-02-09,"MSFT",302.180969238281
2022-02-10,"MSFT",293.607208251953
2022-02-11,"MSFT",286.480194091797
2022-02-14,"MSFT",286.441314697266
2022-02-15,"MSFT",291.752532958984
2022-02-16,"MSFT",291.412048339844
2022-02-17,"MSFT",282.878875732422
2022-02-18,"MSFT",280.154541015625
2022-02-22,"MSFT",279.950164794922
2022-02-23,"MSFT",272.701385498047
2022-02-24,"MSFT",286.634674072266
2022-02-25,"MSFT",289.281188964844
2022-02-28,"MSFT",290.721252441406
2022-03-01,"MSFT",286.984985351562
2022-03-02,"MSFT",292.083465576172
2022-03-03,"MSFT",287.928771972656
2022-03-04,"MSFT",282.032318115234
2022-03-07,"MSFT",271.378082275391
2022-03-08,"MSFT",268.400787353516
2022-03-09,"MSFT",280.709106445312
2022-03-10,"MSFT",277.877716064453
2022-03-11,"MSFT",272.506744384766
2022-03-14,"MSFT",268.974792480469
2022-03-15,"MSFT",279.395568847656
2022-03-16,"MSFT",286.440063476562
2022-03-17,"MSFT",287.247619628906
2022-03-18,"MSFT",292.316986083984
2022-03-21,"MSFT",291.081176757812
2022-03-22,"MSFT",295.848937988281
2022-03-23,"MSFT",291.40234375
2022-03-24,"MSFT",295.887878417969
2022-03-25,"MSFT",295.479187011719
2022-03-28,"MSFT",302.309631347656
2022-03-29,"MSFT",306.892395019531
2022-03-30,"MSFT",305.38427734375
2022-03-31,"MSFT",299.984161376953
2022-04-01,"MSFT",301.064147949219
2022-04-04,"MSFT",306.464294433594
2022-04-05,"MSFT",302.484741210938
2022-04-06,"MSFT",291.412048339844
2022-04-07,"MSFT",293.231536865234
2022-04-08,"MSFT",288.950378417969
2022-04-11,"MSFT",277.556610107422
2022-04-12,"MSFT",274.443023681641
2022-04-13,"MSFT",279.852844238281
2022-04-14,"MSFT",272.273284912109
2022-04-18,"MSFT",272.944610595703
2022-04-19,"MSFT",277.595550537109
2022-04-20,"MSFT",278.626892089844
2022-04-21,"MSFT",273.226806640625
2022-04-22,"MSFT",266.629943847656
2022-04-25,"MSFT",273.139190673828
2022-04-26,"MSFT",262.922821044922
2022-04-27,"MSFT",275.571685791016
2022-04-28,"MSFT",281.808563232422
2022-04-29,"MSFT",270.025573730469
2022-05-02,"MSFT",276.787902832031
2022-05-03,"MSFT",274.170562744141
2022-05-04,"MSFT",282.149139404297
2022-05-05,"MSFT",269.860168457031
2022-05-06,"MSFT",267.311004638672
2022-05-09,"MSFT",257.43505859375
2022-05-10,"MSFT",262.222229003906
2022-05-11,"MSFT",253.513854980469
2022-05-12,"MSFT",248.454330444336
2022-05-13,"MSFT",254.068466186523
2022-05-16,"MSFT",254.438217163086
2022-05-17,"MSFT",259.614593505859
2022-05-18,"MSFT",247.79443359375
2022-05-19,"MSFT",246.877670288086
2022-05-20,"MSFT",246.312026977539
2022-05-23,"MSFT",254.201873779297
2022-05-24,"MSFT",253.197357177734
2022-05-25,"MSFT",256.025604248047
2022-05-26,"MSFT",259.322021484375
2022-05-27,"MSFT",266.480407714844
2022-05-31,"MSFT",265.144348144531
2022-06-01,"MSFT",265.680725097656
2022-06-02,"MSFT",267.787231445312
2022-06-03,"MSFT",263.340118408203
2022-06-06,"MSFT",262.101470947266
2022-06-07,"MSFT",265.7587890625
2022-06-08,"MSFT",263.720428466797
2022-06-09,"MSFT",258.239471435547
2022-06-10,"MSFT",246.731369018555
2022-06-13,"MSFT",236.266815185547
2022-06-14,"MSFT",238.441650390625
2022-06-15,"MSFT",245.531814575195
2022-06-16,"MSFT",238.909805297852
2022-06-17,"MSFT",241.523468017578
2022-06-21,"MSFT",247.462860107422
2022-06-22,"MSFT",246.867919921875
2022-06-23,"MSFT",252.456100463867
2022-06-24,"MSFT",261.077484130859
2022-06-27,"MSFT",258.337036132812
2022-06-28,"MSFT",250.135025024414
2022-06-29,"MSFT",253.821548461914
2022-06-30,"MSFT",250.476379394531
2022-07-01,"MSFT",253.158401489258
2022-07-05,"MSFT",256.347473144531
2022-07-06,"MSFT",259.624328613281
2022-07-07,"MSFT",261.760162353516
2022-07-08,"MSFT",261.038513183594
2022-07-11,"MSFT",257.966400146484
2022-07-12,"MSFT",247.394561767578
2022-07-13,"MSFT",246.468063354492
2022-07-14,"MSFT",247.79443359375
2022-07-15,"MSFT",250.369110107422
2022-07-18,"MSFT",247.960220336914
2022-07-19,"MSFT",253.109573364258
2022-07-20,"MSFT",255.781814575195
2022-07-21,"MSFT",258.288177490234
2022-07-22,"MSFT",253.919006347656
2022-07-25,"MSFT",252.426895141602
2022-07-26,"MSFT",245.668319702148
2022-07-27,"MSFT",262.091766357422
2022-07-28,"MSFT",269.572021484375
2022-07-29,"MSFT",273.794860839844
2022-08-01,"MSFT",271.132415771484
2022-08-02,"MSFT",268.021331787109
2022-08-03,"MSFT",275.482116699219
2022-08-04,"MSFT",276.632934570312
2022-08-05,"MSFT",275.911193847656
2022-08-08,"MSFT",273.385284423828
2022-08-09,"MSFT",275.316284179688
2022-08-10,"MSFT",282.006591796875
2022-08-11,"MSFT",279.919555664062
2022-08-12,"MSFT",284.688568115234
2022-08-15,"MSFT",286.2099609375
2022-08-16,"MSFT",285.46875
2022-08-17,"MSFT",284.716186523438
2022-08-18,"MSFT",283.592315673828
2022-08-19,"MSFT",279.663421630859
2022-08-22,"MSFT",271.453826904297
2022-08-23,"MSFT",270.173492431641
2022-08-24,"MSFT",269.538269042969
2022-08-25,"MSFT",272.528839111328
2022-08-26,"MSFT",262.012817382812
2022-08-29,"MSFT",259.217620849609
2022-08-30,"MSFT",257.008880615234
2022-08-31,"MSFT",255.542846679688
2022-09-01,"MSFT",254.497085571289
2022-09-02,"MSFT",250.255493164062
2022-09-06,"MSFT",247.509216308594
2022-09-07,"MSFT",252.239471435547
2022-09-08,"MSFT",252.659713745117
2022-09-09,"MSFT",258.465087890625
2022-09-12,"MSFT",260.605438232422
2022-09-13,"MSFT",246.277740478516
2022-09-14,"MSFT",246.502563476562
2022-09-15,"MSFT",239.817626953125
2022-09-16,"MSFT",239.192123413086
2022-09-19,"MSFT",238.977111816406
2022-09-20,"MSFT",236.954010009766
2022-09-21,"MSFT",233.53337097168
2022-09-22,"MSFT",235.517333984375
2022-09-23,"MSFT",232.526702880859
2022-09-26,"MSFT",232.067367553711
2022-09-27,"MSFT",231.05094909668
2022-09-28,"MSFT",235.605316162109
2022-09-29,"MSFT",232.116241455078
2022-09-30,"MSFT",227.620483398438
2022-10-03,"MSFT",235.282791137695
2022-10-04,"MSFT",243.238265991211
2022-10-05,"MSFT",243.551025390625
2022-10-06,"MSFT",241.195617675781
2022-10-07,"MSFT",228.930130004883
2022-10-10,"MSFT",224.053253173828
2022-10-11,"MSFT",220.300277709961
2022-10-12,"MSFT",220.632583618164
2022-10-13,"MSFT",228.930130004883
2022-10-14,"MSFT",223.378875732422
2022-10-17,"MSFT",232.145553588867
2022-10-18,"MSFT",233.093551635742
2022-10-19,"MSFT",231.119369506836
2022-10-20,"MSFT",230.796859741211
2022-10-21,"MSFT",236.63151550293
2022-10-24,"MSFT",241.645217895508
2022-10-25,"MSFT",244.977951049805
2022-10-26,"MSFT",226.07633972168
2022-10-27,"MSFT",221.609909057617
2022-10-28,"MSFT",230.523162841797
2022-10-31,"MSFT",226.867965698242
2022-11-01,"MSFT",222.997680664062
2022-11-02,"MSFT",215.11067199707
2022-11-03,"MSFT",209.393280029297
2022-11-04,"MSFT",216.371429443359
2022-11-07,"MSFT",222.704528808594
2022-11-08,"MSFT",223.681838989258
2022-11-09,"MSFT",219.420654296875
2022-11-10,"MSFT",237.471984863281
2022-11-11,"MSFT",241.508377075195
2022-11-14,"MSFT",236.074447631836
2022-11-15,"MSFT",236.484924316406
2022-11-16,"MSFT",236.916122436523
2022-11-17,"MSFT",236.867126464844
2022-11-18,"MSFT",236.416275024414
2022-11-21,"MSFT",237.229766845703
2022-11-22,"MSFT",240.150405883789
2022-11-23,"MSFT",242.649642944336
2022-11-25,"MSFT",242.561416625977
2022-11-28,"MSFT",236.945541381836
2022-11-29,"MSFT",235.543991088867
2022-11-30,"MSFT",250.05908203125
2022-12-01,"MSFT",249.618041992188
2022-12-02,"MSFT",249.941482543945
2022-12-05,"MSFT",245.217437744141
2022-12-06,"MSFT",240.238616943359
2022-12-07,"MSFT",239.503570556641
2022-12-08,"MSFT",242.473220825195
2022-12-09,"MSFT",240.532638549805
2022-12-12,"MSFT",247.481430053711
2022-12-13,"MSFT",251.803619384766
2022-12-14,"MSFT",252.097702026367
2022-12-15,"MSFT",244.051162719727
2022-12-16,"MSFT",239.817199707031
2022-12-19,"MSFT",235.661636352539
2022-12-20,"MSFT",236.984725952148
2022-12-21,"MSFT",239.562362670898
2022-12-22,"MSFT",233.44660949707
2022-12-23,"MSFT",233.975860595703
2022-12-27,"MSFT",232.241134643555
2022-12-28,"MSFT",229.859527587891
2022-12-29,"MSFT",236.21044921875
2022-12-30,"MSFT",235.044189453125
2023-01-03,"MSFT",234.808929443359
2023-01-04,"MSFT",224.537658691406
2023-01-05,"MSFT",217.882858276367
2023-01-06,"MSFT",220.45068359375
2023-01-09,"MSFT",222.597091674805
2023-01-10,"MSFT",224.292633056641
2023-01-11,"MSFT",231.074844360352
2023-01-12,"MSFT",233.76025390625
2023-01-13,"MSFT",234.465927124023
2023-01-17,"MSFT",235.563613891602
2023-01-18,"MSFT",231.114044189453
2023-01-19,"MSFT",227.311294555664
2023-01-20,"MSFT",235.43620300293
2023-01-23,"MSFT",237.749206542969
2023-01-24,"MSFT",237.219924926758
2023-01-25,"MSFT",235.818450927734
2023-01-26,"MSFT",243.061264038086
2023-01-27,"MSFT",243.218063354492
2023-01-30,"MSFT",237.876602172852
2023-01-31,"MSFT",242.875061035156
2023-02-01,"MSFT",247.716674804688
2023-02-02,"MSFT",259.330688476562
2023-02-03,"MSFT",253.205154418945
2023-02-06,"MSFT",251.656616210938
2023-02-07,"MSFT",262.231750488281
2023-02-08,"MSFT",261.418334960938
2023-02-09,"MSFT",258.370178222656
2023-02-10,"MSFT",257.860565185547
2023-02-13,"MSFT",265.916900634766
2023-02-14,"MSFT",266.749969482422
2023-02-15,"MSFT",264.617858886719
2023-02-16,"MSFT",257.573059082031
2023-02-17,"MSFT",253.554428100586
2023-02-21,"MSFT",248.258544921875
2023-02-22,"MSFT",247.118789672852
2023-02-23,"MSFT",250.321884155273
2023-02-24,"MSFT",244.868759155273
2023-02-27,"MSFT",245.792373657227
2023-02-28,"MSFT",245.065246582031
2023-03-01,"MSFT",241.970275878906
2023-03-02,"MSFT",246.725799560547
2023-03-03,"MSFT",250.832794189453
2023-03-06,"MSFT",252.385192871094
2023-03-07,"MSFT",249.712692260742
2023-03-08,"MSFT",249.270538330078
2023-03-09,"MSFT",247.914642333984
2023-03-10,"MSFT",244.249755859375
2023-03-13,"MSFT",249.486694335938
2023-03-14,"MSFT",256.236785888672
2023-03-15,"MSFT",260.805603027344
2023-03-16,"MSFT",271.377716064453
2023-03-17,"MSFT",274.551300048828
2023-03-20,"MSFT",267.47705078125
2023-03-21,"MSFT",268.999938964844
2023-03-22,"MSFT",267.535980224609
2023-03-23,"MSFT",272.812255859375
2023-03-24,"MSFT",275.671417236328
2023-03-27,"MSFT",271.554565429688
2023-03-28,"MSFT",270.424652099609
2023-03-29,"MSFT",275.612487792969
2023-03-30,"MSFT",279.090637207031
2023-03-31,"MSFT",283.266448974609
2023-04-03,"MSFT",282.215148925781
2023-04-04,"MSFT",282.165954589844
2023-04-05,"MSFT",279.375610351562
2023-04-06,"MSFT",286.508850097656
2023-04-10,"MSFT",284.337432861328
2023-04-11,"MSFT",277.891937255859
2023-04-12,"MSFT",278.540466308594
2023-04-13,"MSFT",284.779541015625
2023-04-14,"MSFT",281.144165039062
2023-04-17,"MSFT",283.757751464844
2023-04-18,"MSFT",283.335205078125
2023-04-19,"MSFT",283.413879394531
2023-04-20,"MSFT",281.114654541016
2023-04-21,"MSFT",280.770782470703
2023-04-24,"MSFT",276.850433349609
2023-04-25,"MSFT",270.611358642578
2023-04-26,"MSFT",290.213012695312
2023-04-27,"MSFT",299.507873535156
2023-04-28,"MSFT",301.895416259766
2023-05-01,"MSFT",300.22509765625
2023-05-02,"MSFT",300.077758789062
2023-05-03,"MSFT",299.085357666016
2023-05-04,"MSFT",300.077758789062
2023-05-05,"MSFT",305.226226806641
2023-05-08,"MSFT",303.261169433594
2023-05-09,"MSFT",301.639953613281
2023-05-10,"MSFT",306.857238769531
2023-05-11,"MSFT",304.695648193359
2023-05-12,"MSFT",303.575561523438
2023-05-15,"MSFT",304.056976318359
2023-05-16,"MSFT",306.297180175781
2023-05-17,"MSFT",309.192199707031
2023-05-18,"MSFT",313.642974853516
2023-05-19,"MSFT",313.465728759766
2023-05-22,"MSFT",316.262237548828
2023-05-23,"MSFT",310.432891845703
2023-05-24,"MSFT",309.044464111328
2023-05-25,"MSFT",320.9296875
2023-05-26,"MSFT",327.792999267578
2023-05-30,"MSFT",326.138671875
2023-05-31,"MSFT",323.361877441406
2023-06-01,"MSFT",327.487670898438
2023-06-02,"MSFT",330.264495849609
2023-06-05,"MSFT",330.796264648438
2023-06-06,"MSFT",328.570861816406
2023-06-07,"MSFT",318.428558349609
2023-06-08,"MSFT",320.27978515625
2023-06-09,"MSFT",321.786376953125
2023-06-12,"MSFT",326.768890380859
2023-06-13,"MSFT",329.171569824219
2023-06-14,"MSFT",332.174835205078
2023-06-15,"MSFT",342.770050048828
2023-06-16,"MSFT",337.08837890625
2023-06-20,"MSFT",332.873931884766
2023-06-21,"MSFT",328.452728271484
2023-06-22,"MSFT",334.508514404297
2023-06-23,"MSFT",329.890289306641
2023-06-26,"MSFT",323.568634033203
2023-06-27,"MSFT",329.447204589844
2023-06-28,"MSFT",330.707641601562
2023-06-29,"MSFT",329.919891357422
2023-06-30,"MSFT",335.325836181641
2023-07-03,"MSFT",332.814880371094
2023-07-05,"MSFT",332.972351074219
2023-07-06,"MSFT",336.044647216797
2023-07-07,"MSFT",332.056610107422
2023-07-10,"MSFT",326.749206542969
2023-07-11,"MSFT",327.37939453125
2023-07-12,"MSFT",332.036987304688
2023-07-13,"MSFT",337.413330078125
2023-07-14,"MSFT",339.953796386719
2023-07-17,"MSFT",340.436309814453
2023-07-18,"MSFT",353.985626220703
2023-07-19,"MSFT",349.643157958984
2023-07-20,"MSFT",341.558898925781
2023-07-21,"MSFT",338.50634765625
2023-07-24,"MSFT",339.825866699219
2023-07-25,"MSFT",345.606018066406
2023-07-26,"MSFT",332.598205566406
2023-07-27,"MSFT",325.656188964844
2023-07-28,"MSFT",333.189025878906
2023-07-31,"MSFT",330.776611328125
2023-08-01,"MSFT",331.190124511719
2023-08-02,"MSFT",322.485443115234
2023-08-03,"MSFT",321.658355712891
2023-08-04,"MSFT",322.761199951172
2023-08-07,"MSFT",325.055511474609
2023-08-08,"MSFT",321.057678222656
2023-08-09,"MSFT",317.296203613281
2023-08-10,"MSFT",317.985443115234
2023-08-11,"MSFT",316.094848632812
2023-08-14,"MSFT",319.078460693359
2023-08-15,"MSFT",316.931823730469
2023-08-16,"MSFT",316.162170410156
2023-08-17,"MSFT",312.688720703125
2023-08-18,"MSFT",312.294006347656
2023-08-21,"MSFT",317.62255859375
2023-08-22,"MSFT",318.194885253906
2023-08-23,"MSFT",322.674896240234
2023-08-24,"MSFT",315.737854003906
2023-08-25,"MSFT",318.708068847656
2023-08-28,"MSFT",319.418518066406
2023-08-29,"MSFT",324.066223144531
2023-08-30,"MSFT",324.441192626953
2023-08-31,"MSFT",323.424835205078
2023-09-01,"MSFT",324.312896728516
2023-09-05,"MSFT",329.138244628906
2023-09-06,"MSFT",328.477081298828
2023-09-07,"MSFT",325.54638671875
2023-09-08,"MSFT",329.848693847656
2023-09-11,"MSFT",333.470184326172
2023-09-12,"MSFT",327.381744384766
2023-09-13,"MSFT",331.615020751953
2023-09-14,"MSFT",334.220123291016
2023-09-15,"MSFT",325.852294921875
2023-09-18,"MSFT",324.707580566406
2023-09-19,"MSFT",324.303039550781
2023-09-20,"MSFT",316.527221679688
2023-09-21,"MSFT",315.303649902344
2023-09-22,"MSFT",312.817047119141
2023-09-25,"MSFT",313.339965820312
2023-09-26,"MSFT",308.011474609375
2023-09-27,"MSFT",308.652801513672
2023-09-28,"MSFT",309.491577148438
2023-09-29,"MSFT",311.573638916016
2023-10-02,"MSFT",317.543640136719
2023-10-03,"MSFT",309.244903564453
2023-10-04,"MSFT",314.741180419922
2023-10-05,"MSFT",315.135894775391
2023-10-06,"MSFT",322.931427001953
2023-10-09,"MSFT",325.457550048828
2023-10-10,"MSFT",324.046478271484
2023-10-11,"MSFT",328.023193359375
2023-10-12,"MSFT",326.779846191406
2023-10-13,"MSFT",323.395263671875
2023-10-16,"MSFT",328.240295410156
2023-10-17,"MSFT",327.667907714844
2023-10-18,"MSFT",325.743682861328
2023-10-19,"MSFT",326.937744140625
2023-10-20,"MSFT",322.349243164062
2023-10-23,"MSFT",324.964202880859
2023-10-24,"MSFT",326.158203125
2023-10-25,"MSFT",336.164093017578
2023-10-26,"MSFT",323.553070068359
2023-10-27,"MSFT",325.447723388672
2023-10-30,"MSFT",332.848510742188
2023-10-31,"MSFT",333.637908935547
2023-11-01,"MSFT",341.492645263672
2023-11-02,"MSFT",343.712890625
2023-11-03,"MSFT",348.133636474609
2023-11-06,"MSFT",351.814270019531
2023-11-07,"MSFT",355.761383056641
2023-11-08,"MSFT",358.396118164062
2023-11-09,"MSFT",355.919250488281
2023-11-10,"MSFT",364.780517578125
2023-11-13,"MSFT",361.830017089844
2023-11-14,"MSFT",365.37255859375
2023-11-15,"MSFT",365.520874023438
2023-11-16,"MSFT",371.947937011719
2023-11-17,"MSFT",365.698822021484
2023-11-20,"MSFT",373.203704833984
2023-11-21,"MSFT",368.882751464844
2023-11-22,"MSFT",373.609069824219
2023-11-24,"MSFT",373.193725585938
2023-11-27,"MSFT",374.360504150391
2023-11-28,"MSFT",378.404632568359
2023-11-29,"MSFT",374.597808837891
2023-11-30,"MSFT",374.657135009766
2023-12-01,"MSFT",370.306579589844
2023-12-04,"MSFT",364.996826171875
2023-12-05,"MSFT",368.3388671875
2023-12-06,"MSFT",364.660614013672
2023-12-07,"MSFT",366.786529541016
2023-12-08,"MSFT",370.029693603516
2023-12-11,"MSFT",367.132568359375
2023-12-12,"MSFT",370.177978515625
2023-12-13,"MSFT",370.168121337891
2023-12-14,"MSFT",361.822875976562
2023-12-15,"MSFT",366.569000244141
2023-12-18,"MSFT",368.467376708984
2023-12-19,"MSFT",369.070587158203
2023-12-20,"MSFT",366.460205078125
2023-12-21,"MSFT",369.347412109375
2023-12-22,"MSFT",370.375732421875
2023-12-26,"MSFT",370.454895019531
2023-12-27,"MSFT",369.871490478516
2023-12-28,"MSFT",371.067901611328
2023-12-29,"MSFT",371.819366455078
2024-01-02,"MSFT",366.707427978516
2024-01-03,"MSFT",366.440399169922
2024-01-04,"MSFT",363.810272216797
2024-01-05,"MSFT",363.622406005859
2024-01-08,"MSFT",370.484527587891
2024-01-09,"MSFT",371.572143554688
2024-01-10,"MSFT",378.473815917969
2024-01-11,"MSFT",380.312957763672
2024-01-12,"MSFT",384.10986328125
2024-01-16,"MSFT",385.8896484375
2024-01-17,"MSFT",385.0986328125
2024-01-18,"MSFT",389.449249267578
2024-01-19,"MSFT",394.195404052734
2024-01-22,"MSFT",392.059631347656
2024-01-23,"MSFT",394.422760009766
2024-01-24,"MSFT",398.041687011719
2024-01-25,"MSFT",400.325805664062
2024-01-26,"MSFT",399.396362304688
2024-01-29,"MSFT",405.121368408203
2024-01-30,"MSFT",404.004028320312
2024-01-31,"MSFT",393.117584228516
2024-02-01,"MSFT",399.248016357422
2024-02-02,"MSFT",406.604522705078
2024-02-05,"MSFT",401.097015380859
2024-02-06,"MSFT",400.938781738281
2024-02-07,"MSFT",409.402770996094
2024-02-08,"MSFT",409.462066650391
2024-02-09,"MSFT",415.829772949219
2024-02-12,"MSFT",410.599151611328
2024-02-13,"MSFT",401.759521484375
2024-02-14,"MSFT",405.642669677734
2024-02-15,"MSFT",402.740203857422
2024-02-16,"MSFT",400.263732910156
2024-02-20,"MSFT",399.005645751953
2024-02-21,"MSFT",398.4013671875
2024-02-22,"MSFT",407.782409667969
2024-02-23,"MSFT",406.484680175781
2024-02-26,"MSFT",403.710998535156
2024-02-27,"MSFT",403.651580810547
2024-02-28,"MSFT",403.889343261719
2024-02-29,"MSFT",409.753692626953
2024-03-01,"MSFT",411.59619140625
2024-03-04,"MSFT",411.021667480469
2024-03-05,"MSFT",398.866943359375
2024-03-06,"MSFT",398.312194824219
2024-03-07,"MSFT",405.295989990234
2024-03-08,"MSFT",402.403381347656
2024-03-11,"MSFT",400.719329833984
2024-03-12,"MSFT",411.378265380859
2024-03-13,"MSFT",411.199981689453
2024-03-14,"MSFT",421.224914550781
2024-03-15,"MSFT",412.507598876953
2024-03-18,"MSFT",413.399108886719
2024-03-19,"MSFT",417.45068359375
2024-03-20,"MSFT",421.234802246094
2024-03-21,"MSFT",425.335876464844
2024-03-22,"MSFT",424.711791992188
2024-03-25,"MSFT",418.887023925781
2024-03-26,"MSFT",417.688415527344
2024-03-27,"MSFT",417.470520019531
2024-03-28,"MSFT",416.767150878906
2024-04-01,"MSFT",420.580993652344
2024-04-02,"MSFT",417.480407714844
2024-04-03,"MSFT",416.499725341797
2024-04-04,"MSFT",413.953887939453
2024-04-05,"MSFT",421.522033691406
2024-04-08,"MSFT",420.600799560547
2024-04-09,"MSFT",422.274932861328
2024-04-10,"MSFT",419.283325195312
2024-04-11,"MSFT",423.909423828125
2024-04-12,"MSFT",417.936096191406
2024-04-15,"MSFT",409.753692626953
2024-04-16,"MSFT",410.684814453125
2024-04-17,"MSFT",407.970581054688
2024-04-18,"MSFT",400.471710205078
2024-04-19,"MSFT",395.3701171875
2024-04-22,"MSFT",397.192779541016
2024-04-23,"MSFT",403.740753173828
2024-04-24,"MSFT",405.216705322266
2024-04-25,"MSFT",395.290893554688
2024-04-26,"MSFT",402.502471923828
2024-04-29,"MSFT",398.470672607422
2024-04-30,"MSFT",385.672088623047
2024-05-01,"MSFT",391.229339599609
2024-05-02,"MSFT",394.102142333984
2024-05-03,"MSFT",402.839263916016
2024-05-06,"MSFT",409.654632568359
2024-05-07,"MSFT",405.494110107422
2024-05-08,"MSFT",406.682830810547
2024-05-09,"MSFT",408.446105957031
2024-05-10,"MSFT",410.843353271484
2024-05-13,"MSFT",409.832946777344
2024-05-14,"MSFT",412.646270751953
2024-05-15,"MSFT",419.860931396484
2024-05-16,"MSFT",417.786834716797
2024-05-17,"MSFT",417.012756347656
2024-05-20,"MSFT",422.103759765625
2024-05-21,"MSFT",425.775573730469
2024-05-22,"MSFT",427.244354248047
2024-05-23,"MSFT",423.751098632812
2024-05-24,"MSFT",426.887054443359
2024-05-28,"MSFT",427.045867919922
2024-05-29,"MSFT",425.904632568359
2024-05-30,"MSFT",411.514953613281
2024-05-31,"MSFT",411.971435546875
2024-06-03,"MSFT",410.373687744141
2024-06-04,"MSFT",412.904296875
2024-06-05,"MSFT",420.783874511719
2024-06-06,"MSFT",421.289978027344
2024-06-07,"MSFT",420.625091552734
2024-06-10,"MSFT",424.614501953125
2024-06-11,"MSFT",429.387878417969
2024-06-12,"MSFT",437.704132080078
2024-06-13,"MSFT",438.220184326172
2024-06-14,"MSFT",439.202667236328
2024-06-17,"MSFT",444.95849609375
2024-06-18,"MSFT",442.943939208984
2024-06-20,"MSFT",442.308868408203
2024-06-21,"MSFT",446.357788085938
2024-06-24,"MSFT",444.263885498047
2024-06-25,"MSFT",447.518890380859
2024-06-26,"MSFT",448.719665527344
2024-06-27,"MSFT",449.404449462891
2024-06-28,"MSFT",443.549346923828
2024-07-01,"MSFT",453.254913330078
2024-07-02,"MSFT",455.785491943359
2024-07-03,"MSFT",457.26416015625
2024-07-05,"MSFT",464.002502441406
2024-07-08,"MSFT",462.692565917969
2024-07-09,"MSFT",456.043548583984
2024-07-10,"MSFT",462.702453613281
2024-07-11,"MSFT",451.240356445312
2024-07-12,"MSFT",450.099090576172
2024-07-15,"MSFT",450.505981445312
2024-07-16,"MSFT",446.099761962891
2024-07-17,"MSFT",440.145416259766
2024-07-18,"MSFT",437.019409179688
2024-07-19,"MSFT",433.7841796875
2024-07-22,"MSFT",439.569854736328
2024-07-23,"MSFT",441.46533203125
2024-07-24,"MSFT",425.636657714844
2024-07-25,"MSFT",415.216552734375
2024-07-26,"MSFT",422.034271240234
2024-07-29,"MSFT",423.483184814453
2024-07-30,"MSFT",419.702178955078
2024-07-31,"MSFT",415.166931152344
2024-08-01,"MSFT",413.936340332031
2024-08-02,"MSFT",405.381958007812
2024-08-05,"MSFT",392.143463134766
2024-08-06,"MSFT",396.569519042969
2024-08-07,"MSFT",395.398498535156
2024-08-08,"MSFT",399.626098632812
2024-08-09,"MSFT",402.930725097656
2024-08-12,"MSFT",403.714721679688
2024-08-13,"MSFT",410.859954833984
2024-08-14,"MSFT",413.688262939453
2024-08-15,"MSFT",418.579620361328
2024-08-16,"MSFT",416.034515380859
2024-08-19,"MSFT",419.076721191406
2024-08-20,"MSFT",422.327697753906
2024-08-21,"MSFT",421.671569824219
2024-08-22,"MSFT",413.131500244141
2024-08-23,"MSFT",414.364318847656
2024-08-26,"MSFT",411.083526611328
2024-08-27,"MSFT",411.431488037109
2024-08-28,"MSFT",408.210327148438
2024-08-29,"MSFT",410.715667724609
2024-08-30,"MSFT",414.712280273438
2024-09-03,"MSFT",407.057098388672
2024-09-04,"MSFT",406.520233154297
2024-09-05,"MSFT",406.013244628906
2024-09-06,"MSFT",399.362152099609
2024-09-09,"MSFT",403.358764648438
2024-09-10,"MSFT",411.789398193359
2024-09-11,"MSFT",420.577941894531
2024-09-12,"MSFT",424.514892578125
2024-09-13,"MSFT",428.083984375
2024-09-16,"MSFT",428.829620361328
2024-09-17,"MSFT",432.617462158203
2024-09-18,"MSFT",428.302734375
2024-09-19,"MSFT",436.136871337891
2024-09-20,"MSFT",432.736755371094
2024-09-23,"MSFT",430.987030029297
2024-09-24,"MSFT",426.672271728516
2024-09-25,"MSFT",429.595153808594
2024-09-26,"MSFT",428.7998046875
2024-09-27,"MSFT",425.528961181641
2024-09-30,"MSFT",427.795684814453
2024-10-01,"MSFT",418.241607666016
2024-10-02,"MSFT",414.702362060547
2024-10-03,"MSFT",414.115783691406
2024-10-04,"MSFT",413.638549804688
2024-10-07,"MSFT",407.156555175781
2024-10-08,"MSFT",412.296417236328
2024-10-09,"MSFT",415.030395507812
2024-10-10,"MSFT",413.419830322266
2024-10-11,"MSFT",413.897033691406
2024-10-14,"MSFT",416.700653076172
2024-10-15,"MSFT",416.302947998047
2024-10-16,"MSFT",413.698211669922
2024-10-17,"MSFT",414.294708251953
2024-10-18,"MSFT",415.726348876953
2024-10-21,"MSFT",416.342742919922
2024-10-22,"MSFT",425.021942138672
2024-10-23,"MSFT",422.128875732422
2024-10-24,"MSFT",422.258087158203
2024-10-25,"MSFT",425.658172607422
2024-10-28,"MSFT",424.107299804688
2024-10-29,"MSFT",429.436096191406
2024-10-30,"MSFT",430.0126953125
2024-10-31,"MSFT",403.985107421875
2024-11-01,"MSFT",407.981658935547
2024-11-04,"MSFT",406.082763671875
2024-11-05,"MSFT",409.065338134766
2024-11-06,"MSFT",417.734588623047
2024-11-07,"MSFT",422.954010009766
2024-11-08,"MSFT",420.080871582031
2024-11-11,"MSFT",415.577209472656
2024-11-12,"MSFT",420.567993164062
2024-11-13,"MSFT",422.725372314453
2024-11-14,"MSFT",424.405548095703
2024-11-15,"MSFT",412.584747314453
2024-11-18,"MSFT",413.34033203125
2024-11-19,"MSFT",415.358520507812
2024-11-20,"MSFT",413.071868896484
2024-11-21,"MSFT",411.288726806641
2024-11-22,"MSFT",415.402923583984
2024-11-25,"MSFT",417.186065673828
2024-11-26,"MSFT",426.350830078125
2024-11-27,"MSFT",421.369995117188
2024-11-29,"MSFT",421.838165283203
2024-12-02,"MSFT",429.329406738281
2024-12-03,"MSFT",429.548553466797
2024-12-04,"MSFT",435.744720458984
2024-12-05,"MSFT",440.924774169922
2024-12-06,"MSFT",441.871154785156
2024-12-09,"MSFT",444.311737060547
2024-12-10,"MSFT",441.632080078125
2024-12-11,"MSFT",447.270416259766
2024-12-12,"MSFT",447.838195800781
2024-12-13,"MSFT",445.556976318359
2024-12-16,"MSFT",449.860443115234
2024-12-17,"MSFT",452.719451904297
2024-12-18,"MSFT",435.71484375
2024-12-19,"MSFT",435.356201171875
2024-12-20,"MSFT",434.927856445312
2024-12-23,"MSFT",433.583038330078
2024-12-24,"MSFT",437.647369384766
2024-12-26,"MSFT",436.432067871094
2024-12-27,"MSFT",428.881103515625
2024-12-30,"MSFT",423.202911376953
2024-12-31,"MSFT",419.885681152344
2025-01-02,"MSFT",416.976867675781
2025-01-03,"MSFT",421.728607177734
2025-01-06,"MSFT",426.211364746094
2025-01-07,"MSFT",420.752349853516
2025-01-08,"MSFT",422.933990478516
2025-01-10,"MSFT",417.345458984375
2025-01-13,"MSFT",415.592193603516
2025-01-14,"MSFT",414.078033447266
2025-01-15,"MSFT",424.677276611328
2025-01-16,"MSFT",422.953857421875
2025-01-17,"MSFT",427.386871337891
2025-01-21,"MSFT",426.858856201172
2025-01-22,"MSFT",444.491119384766
2025-01-23,"MSFT",444.999114990234
2025-01-24,"MSFT",442.359283447266
2025-01-27,"MSFT",432.895660400391
2025-01-28,"MSFT",445.487274169922
2025-01-29,"MSFT",440.635894775391
2025-01-30,"MSFT",413.400604248047
2025-01-31,"MSFT",413.470367431641
2025-02-03,"MSFT",409.346221923828
2025-02-04,"MSFT",410.790649414062
2025-02-05,"MSFT",411.707153320312
2025-02-06,"MSFT",414.227447509766
2025-02-07,"MSFT",408.180694580078
2025-02-10,"MSFT",410.641235351562
2025-02-11,"MSFT",409.864227294922
2025-02-12,"MSFT",407.473419189453
2025-02-13,"MSFT",408.967681884766
2025-02-14,"MSFT",406.86572265625
2025-02-18,"MSFT",408.071136474609
2025-02-19,"MSFT",413.181457519531
2025-02-20,"MSFT",415.367462158203
2025-02-21,"MSFT",407.461944580078
2025-02-24,"MSFT",403.259674072266
2025-02-25,"MSFT",397.170837402344
2025-02-26,"MSFT",398.997497558594
2025-02-27,"MSFT",391.810699462891
2025-02-28,"MSFT",396.262512207031
2025-03-03,"MSFT",387.778076171875
2025-03-04,"MSFT",387.897857666016
2025-03-05,"MSFT",400.285125732422
2025-03-06,"MSFT",396.162719726562
2025-03-07,"MSFT",392.589263916016
2025-03-10,"MSFT",379.46337890625
2025-03-11,"MSFT",379.752838134766
2025-03-12,"MSFT",382.567657470703
2025-03-13,"MSFT",378.075897216797
2025-03-14,"MSFT",387.847961425781
2025-03-17,"MSFT",387.987731933594
2025-03-18,"MSFT",382.817199707031
2025-03-19,"MSFT",387.109344482422
2025-03-20,"MSFT",386.131103515625
2025-03-21,"MSFT",390.543029785156
2025-03-24,"MSFT",392.359680175781
2025-03-25,"MSFT",394.435882568359
2025-03-26,"MSFT",389.255401611328
2025-03-27,"MSFT",389.8642578125
2025-03-28,"MSFT",378.105834960938
2025-03-31,"MSFT",374.702117919922
2025-04-01,"MSFT",381.489654541016
2025-04-02,"MSFT",381.439758300781
2025-04-03,"MSFT",372.42626953125
2025-04-04,"MSFT",359.180603027344
2025-04-07,"MSFT",357.204223632812
2025-04-08,"MSFT",353.910278320312
2025-04-09,"MSFT",389.7744140625
2025-04-10,"MSFT",380.651184082031
2025-04-11,"MSFT",387.738189697266
2025-04-14,"MSFT",387.099334716797
2025-04-15,"MSFT",385.023162841797
2025-04-16,"MSFT",370.929016113281
2025-04-17,"MSFT",367.106048583984
2025-04-21,"MSFT",358.4619140625
2025-04-22,"MSFT",366.147827148438
2025-04-23,"MSFT",373.703948974609
2025-04-24,"MSFT",386.590270996094
2025-04-25,"MSFT",391.131958007812
2025-04-28,"MSFT",390.443206787109
2025-04-29,"MSFT",393.317932128906
2025-04-30,"MSFT",394.535705566406
